"MSG_KEY","MSG_CONTENT"
"APP_QGL_CAPTION","梦幻古龙"
"ERR_GENERAL","出现错误"
"GM_MESSAGE_NAME","GM公告"
"INFO_GENERAL","出现讯息"
"MSE_BATTLE_AUTO_COUNT_MSG","自动战斗状态剩下%d回合"
"MSE_CHANNEL_PRIVATE_RECEIVER","%s悄悄对你说"
"MSE_CHANNEL_PRIVATE_SENDER","你悄悄对%s说"
"MSE_HAWK_PLACE_HAVE_HAWKER","其它玩家已经在位置摆摊,请在另一位置摆摊"
"MSE_PARTY_POP_MESSAGE1","密语"
"MSE_PARTY_POP_MESSAGE2","请出队伍"
"MSE_PARTY_POP_MESSAGE3","提升队长"
"MSE_PARTY_POP_MESSAGE4","离开队伍"
"MSE_PARTY_POP_MESSAGE5","给予"
"MSE_PARTY_POP_MESSAGE6","交易"
"MSE_PARTY_POP_MESSAGE7","加为好友"
"MSE_PARTY_POP_MESSAGE8","查看信息"
"MSE_PARTY_POP_MESSAGE9","交换位置"
"MSE_SYS_CHAR_MISSING","没有这个角色"
"MSE_SYS_CHAR_UNAVAIL","其它角色在线，不能登入这角色"
"MSE_SYS_CHECK_NAME_CANT_USE","不可创建的名字"
"MSE_SYS_CHECK_NAME_HAVE_CHARACTER","已有名字"
"MSE_SYS_CHECK_NAME_TOO_LONG","名字过长"
"MSE_SYS_CREATE_CHECK","检查名字中"
"MSE_SYS_CREATE_CHECK_FAIL","名字不能使用"
"MSE_SYS_CREATE_CHECK_OK","名字可以使用"
"MSE_SYS_CREATE_ERR","创建角色错误"
"MSE_SYS_CREATE_PROCESS","创建角色中"
"MSE_SYS_CREATE_SUCCESS","成功创建角色"
"MSE_SYS_EQUIP_CANT_USE","此角色不能装备该物品"
"MSE_SYS_EQUIP_ERR","装备错误"
"MSE_SYS_EQUIP_PCANT_USE","同伴不能装备物品"
"MSE_SYS_FORCE_LOGOUT","相同帐号登入，强迫被注销"
"MSE_SYS_LOGIN","登入中,如连接过慢请尝试重新登入"
"MSE_SYS_LOGIN_ERR","帐号或密码错误"
"MSE_SYS_LOGIN_ERR_WAIT","帐号或密码错误请稍等几秒"
"MSE_SYS_LOGIN_NO_ACC","没有此帐号"
"MSE_SYS_LOGIN_WRONGPASS","密码错误"
"MSE_SYS_LOGIN_KICKED","账号被封停"
"MSE_SYS_REMOVE_CHARACTER","请输入Delete删除%s"
"MSE_SYS_REMOVE_CHECK_FAIL","角色进行游戏中,不能删除"
"MSE_SYS_REMOVE_PROCESS","角色删除中"
"MSE_SYS_REMOVE_SUCCESS","角色已被删除"
"MSE_SYS_UNEQUIP_ERR","已有物品在该位置"
"MSG_ACTOR_CLASS_1","玉郎君"
"MSG_ACTOR_CLASS_2","金铃儿"
"MSG_ACTOR_CLASS_3","鬼灵精"
"MSG_ACTOR_CLASS_4","小仙女"
"MSG_ACTOR_CLASS_5","妙郎中"
"MSG_ACTOR_CLASS_6","红袖女"
"MSG_ACTOR_CLASS_7","疾风狼"
"MSG_ACTOR_CLASS_8","飞天舞"
"MSG_ACTOR_CLASS_ASSASSIN","刺客"
"MSG_ACTOR_CLASS_DOCTOR","医者"
"MSG_ACTOR_CLASS_NONE","无"
"MSG_ACTOR_CLASS_PALADIN","侠客"
"MSG_ACTOR_CLASS_THIEF","盗贼"
"MSG_ADD_TEMP_FRIEND","你将%s添加为临时好友"
"MSG_ALREADY_HAVE_GUILD","你已是有帮人士。"
"MSG_ALREADY_TARGET_HAVE_GUILD","该玩家已是有帮人士。"
"MSG_ALREADY_TARGET_NOT_IN_LIST","该玩家已不在申请表上"
"MSG_ANTIADDICT_ONE_HOUR","您累计在线时间已满1小时"
"MSG_ANTIADDICT_THREE_HOUR","您累计在线时间已满3小时，请您下线游戏，做适当的身体活动"
"MSG_ANTIADDICT_TWENTY_MINUTE","您已经进入疲劳游戏时间，您的游戏收益将降为正常值的50%，为了您的健康，请尽快下线游戏，做适当身体活动，合理安排学习生活"
"MSG_ANTIADDICT_TWO_HOUR","您累计在线时间已满2小时，请注意休息"
"MSG_BANK_DEPOSIT_EXCEED_CASH","存款金额不能超过你身上的现金"
"MSG_BANK_DEPOSIT_EXCEED_TEN_MILL","存款总额不能超过一千万元"
"MSG_BANK_DEPOSIT_FAIL","存款数额超过上限,存款失败"
"MSG_BANK_DEPOSIT_SUCCESS","存款成功"
"MSG_BANK_WITHDRAW_EXCEED_SAVE","取款金额不能超过存款总金额"
"MSG_BANK_WITHDRAW_FAIL","取款金额有误,取款失败"
"MSG_BANK_WITHDRAW_SUCCESS","取款成功"
"MSG_BATTLE_ERROR_MSG_BLOCK_ACTION","行动被封"
"MSG_BATTLE_ERROR_MSG_CATCH_DIE","目标不存在,无法说服"
"MSG_BATTLE_ERROR_MSG_CATCH_FULL_PARTNER","你的同伴已满,无法说服该同伴"
"MSG_BATTLE_ERROR_MSG_CATCH_GOODNESS","你的善恶与该同伴不符,无法说服同伴"
"MSG_BATTLE_ERROR_MSG_CATCH_LEVEL","你没有达到说服等级,不能说服该同伴"
"MSG_BATTLE_ERROR_MSG_CATCH_NO_SP","你的Sp不够,无法说服该同伴"
"MSG_BATTLE_ERROR_MSG_CATCH_SAME_TEAM","不能说服同队的同伴"
"MSG_BATTLE_ERROR_MSG_NOT_FAVOR","你的同伴%s对你的好感度太低，不愿意出战。"
"MSG_BATTLE_TIME_OUT","超过回合数上限, 战斗强制结束"
"MSG_BLOCK_FRIEND","该玩家拒绝任何玩家将其加为好友"
"MSG_BLOCK_GIVEN","对方开启了不能给予的功能"
"MSG_BLOCK_PARTY","对方开启了不能组队的功能"
"MSG_BLOCK_TRADING","对方开启了不能交易的功能"
"MSG_BUFF_CHAT_BLOCK","%s状态下不能使用此频道"
"MSG_BUFF_DETAIL_REMAIN_TIME","剩余时间：%s"
"MSG_BUFF_ITEM_BLOCK","%s状态下不能使用此物品"
"MSG_BUYING","售买中"
"MSG_CARRYING_NUMBER","携带数：%d／%d"
"MSG_CHANGE_MAP_NO_NEED","已在线%d不需换线"
"MSG_CHANGE_MAP_SUPERFULL","线%d已爆满,不能进入"
"MSG_CHARGE_SHOP_BOUGHT_LIMITED_ALREADY","一天只能买一次限量货品"
"MSG_CHARGE_SHOP_BUY_SUCCESS","购买成功"
"MSG_CHARGE_SHOP_IN_BATTLE","角色战争中,不能购买"
"MSG_CHARGE_SHOP_NO_REMAIN","存货不足"
"MSG_CHARGE_SHOP_NO_SELL_ITEM","没有此商品"
"MSG_CHARGE_SHOP_NO_YUANBAO","元宝不足"
"MSG_CHARGE_SHOP_NOT_SALEDAY","购买此货品的时段已过"
"MSG_CHARGE_SHOP_RUN_SCRIPT","文字模式进行中,不能购买"
"MSG_CHAT_CHANGE_GROUP","将好友[%s]移动至以下组别"
"MSG_CHAT_ICON_CHANGE_CONFIRM","修改头像需要花费980元宝，你确定要修改吗？"
"MSG_CHAT_ICON_CHANGE_NOYUANBAO","元宝不足"
"MSG_CHAT_MSG_BREAK_RELATION","你确定要和玩家[%s]断绝关系吗？"
"MSG_CHAT_MSG_ERROR_NOT_ONLINE","该玩家不在线，无法查找。"
"MSG_CHAT_MSG_ERROR_NOT_ONLINE_UPDATE","该玩家不在线，无法更新。"
"MSG_CHAT_MSG_REMOVE_FROM_BACKLIST","你确定要将玩家[%s]从黑名单中删除吗？"
"MSG_CHAT_MSG_TO_BLACKLIST","你确定要将玩家[%s]加到黑名单吗？"
"MSG_CHAT_RELATION0","好友"
"MSG_CHAT_RELATION1","被推荐"
"MSG_CHAT_RELATION2","推荐"
"MSG_CHAT_RELATION3","师父"
"MSG_CHAT_RELATION4","徒弟"
"MSG_CHAT_RELATION5","结拜"
"MSG_CHAT_RELATION6","夫"
"MSG_CHAT_RELATION7","妻"
"MSG_CHEAT_KICK","角色已被踢下线。"
"MSG_CLOSE","关"
"MSG_CONNECT_SERVER_FAIL","连接服务器失败请稍等几秒"
"MSG_CREATE_GUILD","由%s建立的%s帮派正式成立！"
"MSG_CREATE_GUILD_FAIL_NAME_DUP","帮派名已被占用，请重新输入。"
"MSG_CREATE_GUILD_FAIL_NAME_INVALID","帮派名含有非法字符，请重新输入。"
"MSG_CREATE_GUILD_FINISH","恭喜！你的帮派已经建立。"
"MSG_DAY","日"
"MSG_DROP_ITEM_BOUND","物品不能丢弃"
"MSG_EQTYPE_AMULET","护身符"
"MSG_EQTYPE_ARMOR","衣服"
"MSG_EQTYPE_BELT","腰带"
"MSG_EQTYPE_BLADE","刀"
"MSG_EQTYPE_CLAW","爪"
"MSG_EQTYPE_CLOTH","外观衫"
"MSG_EQTYPE_DBSWORD","双剑"
"MSG_EQTYPE_FAN","扇"
"MSG_EQTYPE_GEAR","头饰"
"MSG_EQTYPE_HANDRING","双环"
"MSG_EQTYPE_OTHER","奇门"
"MSG_EQTYPE_PEN","笔"
"MSG_EQTYPE_RING","戒指"
"MSG_EQTYPE_SHOE","鞋子"
"MSG_EQTYPE_SPEAR","枪"
"MSG_EQTYPE_SWORD","剑"
"MSG_EQTYPE_WIPE","鞭"
"MSG_FACTION_10THOUSAND","万福万寿园"
"MSG_FACTION_DETAIL_1","门派: %s"
"MSG_FACTION_DETAIL_2","门派贡献: %d"
"MSG_FACTION_DETAIL_3","门派天赋: %s"
"MSG_FACTION_DETAIL_4","门派简介: %s"
"MSG_FACTION_DETAIL_5","门派角色: %s"
"MSG_FACTION_GHOSTAREA","鬼域"
"MSG_FACTION_GREENCLOTH","青衣楼"
"MSG_FACTION_HOLY","圣坛"
"MSG_FACTION_SILVERCASINO","银钩雪坊"
"MSG_FACTION_SIXFANDOOR","六扇门"
"MSG_FACTION_TONGDOOR","唐门"
"MSG_FACTION_TWELVEDOCK","十二连环坞"
"MSG_FRIEND_ADD_FAIL_FULL","好友已满，请先清除部份好友"
"MSG_FRIEND_ADD_SUCCESS","恭喜你多了一位好友[%s]"
"MSG_FRIEND_ADD_YOURSELF","不能添加自己为好友"
"MSG_FRIEND_ALREADY_FRIEND","对方已是你的好友"
"MSG_FRIEND_CHAT_OFFLINE","%s离线中，你可以留下离线信息"
"MSG_FRIEND_CHAT_SAY","%s说:"
"MSG_FRIEND_CHAT_TARGET","与玩家%s聊天中"
"MSG_FRIEND_IS_ADDED_SUCCESS","[%s]将你加为好友"
"MSG_FRIEND_OFFLINE","%s下线"
"MSG_FRIEND_ONLINE","%s上线"
"MSG_FULL_DAY","全天"
"MSG_GAME_ADDICTION_CHG_AVGBAD","您已经进入不健康游戏时间, 为了您的健康, 请您立即下线休息, 如不下线, 您的身体将受到损害, 您的收益已降为零, 直到您得累计下线时间满5小时后, 才能恢复正常"
"MSG_GAME_ADDICTION_CHG_GDAVG","您累计在线时间已满3小时, 并将于20分钟后, 您的游戏收益将降为正常值的50%, 请尽快下线游戏, 做适当的身体活动"
"MSG_GAME_ADDICTION_FIVE_MIN_WARN","请于5分钟内下线, 否则累计下线时间将被清零, 并请累计下线满5小时后再进入游戏；您当前的累计下线时间已有"
"MSG_GAME_ADDICTION_FOURTH_WARN","您已经进入不健康游戏时间, 为了您的健康, 请您立即下线休息, 如不下线, 您的身体将受到损害, 您的收益已降为零, 直到您得累计下线时间满5小时后, 才能恢复正常"
"MSG_GAME_ADDICTION_FST_WARN","您累计在线时间已满1小时"
"MSG_GAME_ADDICTION_HR","小时"
"MSG_GAME_ADDICTION_MIN","分钟"
"MSG_GAME_ADDICTION_OFFTIME_CLEAR","您的累计下线时间已被清零"
"MSG_GAME_ADDICTION_SND_WARN","您累计在线时间已满2小时"
"MSG_GAME_ADDICTION_THIRD_WARN","您已经进入疲劳游戏时间, 您的游戏收益将降为正常值的50%, 为了您的健康, 请尽快下线游戏, 做适当身体活动, 合理安排学习生活"
"MSG_GET_GIFT_FAIL","拿取失败"
"MSG_GET_GIFT_GET_ALL","决定拿取"
"MSG_GET_GIFT_SUCCESS","你已经成功拿取"
"MSG_GET_GIFT_WAITING","拿取中"
"MSG_GIVEN_CANT_GIVE","对方不能接受你的给予"
"MSG_GIVEN_CHAR_FAIL","你的给予对象已经不在了"
"MSG_GIVEN_DIS_FAIL","距离太远,无法给予"
"MSG_GIVEN_FAIL","给予失败"
"MSG_GIVEN_FROM","给了你"
"MSG_GIVEN_GIVE_NOTHING","没有物品被给予"
"MSG_GIVEN_ITEM","个"
"MSG_GIVEN_ITEM_BOUND","物品被绑定,不能给予"
"MSG_GIVEN_MONEY","银两%d两"
"MSG_GIVEN_MONEY_FAIL","没有足够银两"
"MSG_GIVEN_MYSELF","不能给予自己"
"MSG_GIVEN_NOT_FRIEND","对方不是你的好友,不能接受你的给予"
"MSG_GIVEN_PARTNER_BOUND","同伴被绑定,不能给予"
"MSG_GIVEN_PARTNER_FAIL","对方没有足够位置放置同伴"
"MSG_GIVEN_PARTNER_GIVE1","将同伴"
"MSG_GIVEN_PARTNER_GIVE2","让给了你"
"MSG_GIVEN_PARTNER_GIVE3","你将同伴"
"MSG_GIVEN_PARTNER_GIVE4","让给了"
"MSG_GIVEN_PET_BOUND","宠物被绑定,不能给予"
"MSG_GIVEN_PET_FAIL","对方没有足够位置放置宠物"
"MSG_GIVEN_PET_GIVE1","将宠物"
"MSG_GIVEN_PET_GIVE3","你将宠物"
"MSG_GIVEN_PROCESS","给予中"
"MSG_GIVEN_SELF_TRADING_FAIL","交易进行中,不能给予"
"MSG_GIVEN_SLOT_FAIL","对方没有足够位置放置物品"
"MSG_GIVEN_STACK_FAIL","对方没有足够数量"
"MSG_GIVEN_SUCCESS","成功給予"
"MSG_GIVEN_TO","你给了"
"MSG_GIVEN_TRADING_FAIL","对方交易进行中,不能给予"
"MSG_GUILD_APPLY_BOX","是否将该玩家接纳入帮"
"MSG_GUILD_APPLY_BOX_DELETE","需要将该成员逐出帮派吗？"
"MSG_GUILD_APPLY_BOX_LEAVE","你确定离开帮派吗？"
"MSG_GUILD_APPLY_BOX_LEAVE_FAIL","帮主无法离开帮派，请先退位让贤。"
"MSG_GUILD_APPLY_REQUEST","%s申请加入本帮派"
"MSG_GUILD_APPLY_SUCC","你已经申请加入%s帮，等待帮主响应。"
"MSG_GUILD_JOIN_WELCOME","欢迎玩家%s加入本帮，希望大家齐心协力，为本帮做出更大贡献。"
"MSG_GUILD_MEMBER_FULL","帮派人数已满，不能接受新成员。"
"MSG_GUILD_POSITION_0","無"
"MSG_GUILD_POSITION_1","帮主"
"MSG_GUILD_POSITION_10","帮众"
"MSG_GUILD_POSITION_2","副帮主"
"MSG_GUILD_POSITION_3","左护法"
"MSG_GUILD_POSITION_4","右护法"
"MSG_GUILD_POSITION_5","长老"
"MSG_GUILD_POSITION_6","堂主"
"MSG_GUILD_POSITION_7","精英"
"MSG_GUILD_POSITION_8","香主"
"MSG_GUILD_POSITION_9","商人"
"MSG_GUILD_POSITION_FULL","此职位人数已到达上限。"
"MSG_GUILD_POST_CHANGE_RIGHT","你的权限不足。"
"MSG_GUILD_POST_MASTER_LV_FAIL","等级不足30级，不能成为帮主。"
"MSG_HACK_CHANCE","你还有的机会"
"MSG_HACK_CORRECT_MSG","你答对了"
"MSG_HACK_MAIN_Q_1","请问左图是什么字"
"MSG_HACK_MAIN_Q_2","请找出无重叠的人物(最清晰的人物)"
"MSG_HACK_SUB_Q","回答正确后有一定几率获得额外奖励!"
"MSG_HACK_CHOICE","图"
"MSG_HACK_Q_BACK","背向你的人"
"MSG_HACK_Q_FACE","面向你的人"
"MSG_HACK_WRG_NUM","你总共答错了的题目数目"
"MSG_HACK_REWARD_ONE","防外挂回答正确。 在战斗结束后, 生命与内力将会完全回复。"
"MSG_HACK_REWARD_TWO","防外挂回答正确,你将会获得额外5%的经验奖励"
"MSG_HAWK_BUY_SUCCESS_FOR_BUYER","购买%s成功，花费了%d两，获得%s"
"MSG_HAWK_BUY_SUCCESS_FOR_OWNER","成功卖出%s，获得%d两, 扣除税金%d两"
"MSG_HAWK_CANT_CHANGE_LINE","摆摊中不能转线"
"MSG_HAWK_CANT_FOR_HAWK","该物品/同伴/宠物不能摆摊"
"MSG_HAWK_CANT_FOR_SELL","该同伴/宠物不能出售"
"MSG_HAWK_CANT_USE_ITEM","开启摆摊界面时不能使用物品"
"MSG_HAWK_DEFAULT_NAME","杂货摊位"
"MSG_HAWK_DISCONNECT_HAWKING_CANT_GIVEN","对方摆摊中，不能给予"
"MSG_HAWK_DISCONNECT_HAWKING_CANT_TRADING","对方摆摊中，不能交易"
"MSG_HAWK_HAWKING_CANT_ADD_ATTRI_PT","摆摊中，不能分配潜力"
"MSG_HAWK_HAWKING_CANT_ADD_PARTNER_ATTRI_PT","摆摊中，同伴不能分配潜力"
"MSG_HAWK_HAWKING_CANT_CHANGE_LINE","摆摊中，不能转线"
"MSG_HAWK_HAWKING_CANT_CHANGE_PARTNER_STATE","摆摊中，不能更改同伴状态"
"MSG_HAWK_HAWKING_CANT_CHANGE_PP_NAME","摆摊中，不能更改同伴或宠物名字"
"MSG_HAWK_HAWKING_CANT_DO_ANYTHING","摆摊进行时，除了更名外，其它功能不能使用"
"MSG_HAWK_HAWKING_CANT_DROP_PARTNER","摆摊中，不能遣散同伴"
"MSG_HAWK_HAWKING_CANT_DROP_PET","摆摊中，不能遗弃宠物"
"MSG_HAWK_HAWKING_CANT_LV_UP","摆摊中，不能升级"
"MSG_HAWK_HAWKING_CANT_MOVE","摆摊中，不能移动"
"MSG_HAWK_HAWKING_CANT_OPEN_CHARGESHOP","摆摊中，不能开启商城"
"MSG_HAWK_HAWKING_CANT_PARTY","摆摊中，不能组队"
"MSG_HAWK_HAWKING_CANT_PK","摆摊中，不能PK"
"MSG_HAWK_HAWKING_CANT_USE_PET","摆摊中，不能使用宠物"
"MSG_HAWK_HAWKING_CANT_USE_SKILL","摆摊中，不能使用技能"
"MSG_HAWK_ITEM_BOUND","物品被绑定,不能出售"
"MSG_HAWK_ITEM_NO_ENOUNG","没有足够的货品供应"
"MSG_HAWK_NO_ITEM","没有货品"
"MSG_HAWK_NO_ITEM_FOR_SELL","没有上架货品"
"MSG_HAWK_NO_TIME","你的摆摊时间已结束"
"MSG_HAWK_NO_TIME1","没有获得摆摊许可是不能摆摊的!!"
"MSG_HAWK_NOT_ENOUGH_LEVEL","20级以后才可以进行摆摊"
"MSG_HAWK_NOT_IN_HAWKER_ZONE","乱摆乱卖是要被罚款的!!"
"MSG_HAWK_PARTNER_BOUND","同伴被绑定,不能出售"
"MSG_HAWK_PARTY_CANT_HAWKING","组队中，不能摆摊"
"MSG_HAWK_PET_BOUND","宠物被绑定,不能出售"
"MSG_HAWK_REMAIN_HAWK_TIME","离线摆摊时间剩余：%d分钟"
"MSG_HAWK_SINGLE_PIRCE","单价"
"MSG_HAWK_BUYER_IN_BATTLE","战斗中不能买卖"
"MSG_HAWK_TARGET_HAWKING_CANT_PARTY","对方摆摊中，不能组队"
"MSG_HAWK_TARGET_HAWKING_CANT_PK","对方摆摊中，不能PK"
"MSG_HELP_SEARCH_ERROR_BACK_TO_START","回到搜寻的开始点"
"MSG_HELP_SEARCH_ERROR_NOT_FOUND","找不到关键词"
"MSG_HOUR","小时"
"MSG_IDENTIFY_ALREADY_IDENTIFY","物品不需再鉴定"
"MSG_IDENTIFY_FAIL_REQ","鉴定符跟鉴定物品不相配"
"MSG_IDENTIFY_NO_IDENTIFYITEM","需要%d级或以上的鉴定符才可以鉴定此物品"
"MSG_IDENTIFY_NO_ITEM","没有物品或鉴定物品"
"MSG_IDENTIFY_SUCCESS","物品鉴定成功"
"MSG_IN_MATCH_BATTLE","你已进入切磋战斗！"
"MSG_INFINITY","无限"
"MSG_INTERFACE_CLOCK_HR_1","子"
"MSG_INTERFACE_CLOCK_HR_10","酉"
"MSG_INTERFACE_CLOCK_HR_11","戍"
"MSG_INTERFACE_CLOCK_HR_12","亥"
"MSG_INTERFACE_CLOCK_HR_2","丑"
"MSG_INTERFACE_CLOCK_HR_3","寅"
"MSG_INTERFACE_CLOCK_HR_4","卯"
"MSG_INTERFACE_CLOCK_HR_5","辰"
"MSG_INTERFACE_CLOCK_HR_6","巳"
"MSG_INTERFACE_CLOCK_HR_7","午"
"MSG_INTERFACE_CLOCK_HR_8","未"
"MSG_INTERFACE_CLOCK_HR_9","申"
"MSG_INTERFACE_LINE_0","线０"
"MSG_INTERFACE_LINE_1","线１"
"MSG_INTERFACE_LINE_10","线１０"
"MSG_INTERFACE_LINE_2","线２"
"MSG_INTERFACE_LINE_3","线３"
"MSG_INTERFACE_LINE_4","线４"
"MSG_INTERFACE_LINE_5","线５"
"MSG_INTERFACE_LINE_6","线６"
"MSG_INTERFACE_LINE_7","线７"
"MSG_INTERFACE_LINE_8","线８"
"MSG_INTERFACE_LINE_9","线９"
"MSG_INTERFACE_LINE_MANOR","山庄副本"
"MSG_INTERFACE_LINE_HOUSE","房屋副本"
"MSG_INTERFACE_LINE_INST","任务副本"
"MSG_ITEM_BOUND_ALREADY","已绑定"
"MSG_ITEM_BOUND_EQ","装备绑定"
"MSG_ITEM_BOUND_GAIN","获取绑定"
"MSG_ITEM_BOUND_USE","使用后绑定"
"MSG_ITEM_BUY_PRICE","收价:"
"MSG_ITEM_CANT_SELL","无法出售"
"MSG_ITEM_CONFIRM_IDENTIFY","你确定消耗一个%s来鉴定%s吗?"
"MSG_ITEM_CONSUME","消耗物品"
"MSG_ITEM_DROP_ITEM","你是否要丢弃%s?"
"MSG_ITEM_DROPPABLE_MAYBE","死亡遗失"
"MSG_ITEM_DROPPABLE_MUSTBE","死亡必定遗失"
"MSG_ITEM_FUNCTIONHEADER","功效："
"MSG_ITEM_GIVEN_CANT_USE","给予进行中,不可使用物品"
"MSG_ITEM_GODWEAPON","神兵"
"MSG_ITEM_HAVENT_IDENTIFY","未知物品,需鉴定"
"MSG_ITEM_NO_REMAIN","没有使用次数"
"MSG_ITEM_PRICE_UNIT1","元宝"
"MSG_ITEM_PRICE_UNIT2","两"
"MSG_ITEM_QUESTITEM","任务物品"
"MSG_ITEM_REACH_LIMIT","物品到达生产上限"
"MSG_ITEM_SHOP_SELL_PRICE","卖价:"
"MSG_ITEM_SOULBOUND_EQUIP","装备绑定"
"MSG_ITEM_SOULBOUND_TAKE","拾取绑定"
"MSG_ITEM_TARGETTYPE_ALL","任何"
"MSG_ITEM_TARGETTYPE_BOSSONLY","BOSS"
"MSG_ITEM_TARGETTYPE_MOB","MOB"
"MSG_ITEM_TARGETTYPE_MOBONLY","MOB（不包括BOSS）"
"MSG_ITEM_TARGETTYPE_PLAYER","玩家"
"MSG_ITEM_TRADING_CANT_USE","交易进行中,不可使用物品"
"MSG_ITEM_TYPE_PRICE","售价:"
"MSG_ITEM_USEPLACE_ALL","任何场合"
"MSG_ITEM_USEPLACE_BATTLE","战斗场合"
"MSG_ITEM_USEPLACE_NONBAT","非战斗场合"
"MSG_ITEMTYPE_ADDON","加持媒体"
"MSG_ITEMTYPE_ARRAYBOOK","阵法书"
"MSG_ITEMTYPE_BAG","袋子"
"MSG_ITEMTYPE_CLOTHMAT","衣服原材料"
"MSG_ITEMTYPE_DRUG","药"
"MSG_ITEMTYPE_DRUGMAT","药原材料"
"MSG_ITEMTYPE_EQUIP","装备"
"MSG_ITEMTYPE_EQUIPMAT","武器原材料"
"MSG_ITEMTYPE_FOOD","食物"
"MSG_ITEMTYPE_FOODMAT","食物材料"
"MSG_ITEMTYPE_GEM","宝石"
"MSG_ITEMTYPE_MISC","杂货"
"MSG_ITEMTYPE_PRICE","花费：　%d两"
"MSG_ITEMTYPE_SCRIPT","剧情道具"
"MSG_ITEMTYPE_SKILLBOOK","技能书"
"MSG_ITEMTYPE_SPECIAL","特殊道具"
"MSG_ITEMTYPE_THROW","暗器"
"MSG_ITEMTYPE_WINE","酒"
"MSG_ITEMTYPE_WINEMAT","酒原材料"
"MSG_JOIN_BATTLE_FAIL_FULL","很遗憾，对方的队伍已满!"
"MSG_JOIN_BATTLE_INVALID","参战失败"
"MSG_JOIN_BATTLE_OK","参战成功，下回合开始参战"
"MSG_JOIN_BATTLE_REJECT","对方已拒绝了你的请求，请稍候再提出申请。"
"MSG_JUST_USE_SAME_MAP","只限相同地图才能使用"
"MSG_LEVEL_LIMIT_70","角色等级已达上限"
"MSG_LEVEL_LIMIT_90","角色等级已达上限"
"MSG_LEVELUP_NOTINBATTLE","不能在战斗中升级。"
"MSG_MAP_FORCE_LEAVE","该地图已经关闭，所有玩家需强制离开。"
"MSG_MESSAGE_TOO_LONG","你的字符串太长"
"MSG_MIDDLE_MAP_NO_MAP","此地图无法查看全景"
"MSG_MINUTE","分钟"
"MSG_MIX_CANT_MAKE_HIGHER_STONE","不能合成出更高级的精石"
"MSG_MIX_LIVESKILL_CANT_REMAKE","需求消耗不足, 不能再进行制作"
"MSG_MIX_LIVESKILL_SUCCESS","成功制作一个"
"MSG_MIX_MAKE","打造"
"MSG_MIX_MAKING_EXP","消费经验："
"MSG_MIX_MAKING_FACTIONDONATE","消费帮派贡献："
"MSG_MIX_MAKING_FAIL","打造失败"
"MSG_MIX_MAKING_GOODNESS","消费正邪度："
"MSG_MIX_MAKING_HONOR","消费江湖威望："
"MSG_MIX_MAKING_HP","消费当前生命："
"MSG_MIX_MAKING_MANORDONATE","消费山庄贡献："
"MSG_MIX_MAKING_MHP","消费当前最大生命："
"MSG_MIX_MAKING_MONEY","消费银两："
"MSG_MIX_MAKING_MSP","消费当前最大内力："
"MSG_MIX_MAKING_PRICE","打造费用:"
"MSG_MIX_MAKING_SP","消费当前内力："
"MSG_MIX_MAKING_SUCCESS","打造成功"
"MSG_MIX_MAKING_VP","消费体力："
"MSG_MIX_MAKING_YUANBAO","消费元宝："
"MSG_MIX_NO_EQ","请放入装备"
"MSG_MIX_NO_EXP","经验不足"
"MSG_MIX_NO_FACTIONDONATE","帮派贡献不足"
"MSG_MIX_NO_GOODNESS","正邪度不足"
"MSG_MIX_NO_HONOR","江湖威望不足"
"MSG_MIX_NO_HP","当前生命不足"
"MSG_MIX_NO_MANORDONATE","山庄贡献不足"
"MSG_MIX_NO_MENDURING","装备已经完全破损，无法再进行修理"
"MSG_MIX_NO_MHP","当前最大生命不足"
"MSG_MIX_NO_MSP","当前最大内力不足"
"MSG_MIX_NO_NEED_REBUILD","不用重铸"
"MSG_MIX_NO_NEED_REPAIR","不用修理"
"MSG_MIX_NO_SP","当前内力不足"
"MSG_MIX_NO_VP","体力不足"
"MSG_MIX_REBUILD_SUCCESS","重铸成功"
"MSG_MIX_REPAIR_FAIL","修理失败"
"MSG_MIX_REPAIR_SUCCESS","哈哈！我的技术不错吧！你的%s完全修复了"
"MSG_MIX_REPAIR_SUCCESS_REDUCE_ENDURE","真抱歉！你的%s修复不完整，最大耐久度降低了"
"MSG_MIX_STONE_FAIL","铁精合成失败，你损失了%d颗%s"
"MSG_MIX_STONE_NOT_STONE","只能放入合适的铁精石。"
"MSG_MIX_STONE_SHOW_PROB","%d粒%s,合成%s的机率为%d%%"
"MSG_MIX_STONE_SUCCESS","铁精合成完成，你获得了一颗%s"
"MSG_NO_GUILD","你未加入任何帮派"
"MSG_NOT_ENOUGH_EXP_LEVELUP","经验不足，不能升级。"
"MSG_ONLINE","在线"
"MSG_OPEN","开"
"MSG_PARNTER_CANT_CATCH","不能捕捉此角色"
"MSG_PARNTER_DELETE","同伴%s已死"
"MSG_PARNTER_FULL","同伴已满"
"MSG_PARNTER_REMOVE","确定遣散 %s ？"
"MSG_PARTNER_CATCH_FAIL","说服失败"
"MSG_PARTNER_FAVOUR_LOW","请注意, 当前同伴好感度偏低"
"MSG_PARTNER_LEARN_SKILL","恭喜！你的同伴%s领悟了新招式%s"
"MSG_PARTNER_LEVEL_TOO_HIGH","你的同伴%s等级或携带等级过高，不能出战。"
"MSG_PARTNER_NO_HEALTH","你的同伴%s已奄奄一息了，无法参战"
"MSG_PARTNER_NO_SP","SP不足"
"MSG_PARTY_CANNOT_INVITE","该玩家无法加入队伍"
"MSG_PARTY_CANNOT_JOIN","无法加入队伍"
"MSG_PARTY_CANNOT_LEAVE","暂时无法离开队伍"
"MSG_PARTY_CANT_INVITE_MYSELF","无法邀请自己"
"MSG_PARTY_DESTROY","队伍已被解散"
"MSG_PARTY_DISTANCE_TOO_FAR","距离太远不能组队"
"MSG_PARTY_FULL","队伍已满"
"MSG_PARTY_HAVE_PARTY","已组队，不能申请入其它队伍"
"MSG_PARTY_IN_BATTLE","战争中，不能组队"
"MSG_PARTY_INVITE_FULL","对方已有过多邀请"
"MSG_PARTY_IREJECT","你向%s提出的邀请组队请求已被拒绝"
"MSG_PARTY_IWAIT","你已经提出过邀请组队请求了，请等待答复"
"MSG_PARTY_JOIN","%s加入队伍"
"MSG_PARTY_JREJECT","你向%s队伍提出的组队请求已被拒绝"
"MSG_PARTY_JWAIT","你已经向该队伍提出过组队请求了，请等待答复"
"MSG_PARTY_KICK","%s被请出了队伍。"
"MSG_PARTY_KICKU","你被请出了队伍。"
"MSG_PARTY_LEADER","(队长)"
"MSG_PARTY_LEADER","%s被任命为新的队长。"
"MSG_PARTY_LEADERU","你被任命为新的队长。"
"MSG_PARTY_LEAVE","%s离开队伍"
"MSG_PARTY_MEMBER","(队员)"
"MSG_PARTY_MEMBERSHOW","队员(%d)名称(%s)编号(%d)"
"MSG_PARTY_NO_TARGET","没有组队对象"
"MSG_PARTY_NOT_LEADER_CANT_PK","只有队长才能进行切磋"
"MSG_PARTY_REGROUP_FAIL","重组队伍失败，现任队员可以移动。"
"MSG_PARTY_REQUEST_FULL","对方已有过多组队请求"
"MSG_PARTY_REQUEST_INVITE","你已成功向%s提出了邀请组队请求。"
"MSG_PARTY_REQUEST_JOIN","你已成功向%s队伍提出了组队请求"
"MSG_PARTY_TARGET_DONT_HAVE_PARTY","对方没有组队"
"MSG_PARTY_TARGET_HAVE_PARTY","对方已组队"
"MSG_PARTY_TARGET_IN_BATTLE","对方战争中，不能入队"
"MSG_PET_AFTER_USE","%d日(使用后开始)"
"MSG_PET_FULL","你的宠物已满"
"MSG_PK_REQUEST_RESULT_FAIL_BLOCK_PK","你被封了PK指令"
"MSG_PK_REQUEST_RESULT_FAIL_CANNOT_TARGET_SELF","不可和自己PK"
"MSG_PK_REQUEST_RESULT_FAIL_IN_BATTLE_SELF","你正在战斗中"
"MSG_PK_REQUEST_RESULT_FAIL_IN_BATTLE_TARGET","目标正在战斗中"
"MSG_PK_REQUEST_RESULT_FAIL_MONITOR_FULL","不能观战，观战人数已达上限。"
"MSG_PK_REQUEST_RESULT_FAIL_NO_PK_ENABLE_SELF","需开启PK开关"
"MSG_PK_REQUEST_RESULT_FAIL_NO_PK_ENABLE_TARGET","对方并未开启PK开关，你决定强行PK？"
"MSG_PK_REQUEST_RESULT_FAIL_NOT_BATTLEFIELD_SELF","这个场景不允许PK"
"MSG_PK_REQUEST_RESULT_FAIL_NOT_BATTLEFIELD_TARGET","这个场景不允许PK"
"MSG_PK_REQUEST_RESULT_FAIL_NOT_ENOUGH_HONOR_SELF","需要消耗%d点威望才能进行此次强行PK"
"MSG_PK_REQUEST_RESULT_FAIL_NOT_ENOUGH_LV_SELF","你等级低于30级，无法进行PK"
"MSG_PK_REQUEST_RESULT_FAIL_NOT_ENOUGH_LV_TARGET","对方等级低于30级，无法进行PK"
"MSG_PK_REQUEST_RESULT_FAIL_NOT_FOUND_SELF","找不到目标"
"MSG_PK_REQUEST_RESULT_FAIL_NOT_FOUND_TARGET","找不到目标"
"MSG_PK_REQUEST_RESULT_FAIL_NOT_LEADER_SELF","只有队长能发出PK指令"
"MSG_PK_REQUEST_RESULT_FAIL_NOT_LEADER_TARGET","只能对队长发出PK指令"
"MSG_PK_REQUEST_RESULT_FAIL_PROTECT_PK","对方有防PK指令"
"MSG_PK_REQUEST_RESULT_FAIL_TARGET_ALREADY_ASKED","已向目标发出PK指令"
"MSG_PK_REQUEST_RESULT_FAIL_TARGET_BUSY","对方繁忙中, 请稍后再进行PK"
"MSG_PK_REQUEST_RESULT_MATCH_BATTLE_FAIL_REJECT","切磋要求被拒绝了！"
"MSG_PK_REQUEST_RESULT_FAIL_TARGET_NOT_ENABLE","目标在受保护时间内不能被PK!"
"MSG_PK_REQUEST_RESULT_MATCH_BATTLE_FAIL_TARGET_CHANGE","对方改变了切磋对象"
"MSG_PK_REQUEST_RESULT_MATCH_BATTLE_REQUEST","%s(LV%d)请求与你切磋"
"MSG_PLY_INTST_DWN_EXHUAST","你现在处于过劳时间，实际收益为 0%"
"MSG_PLY_INTST_DWN_TIRED","你现在处于疲劳时间，实际收益为 50%"
"MSG_QUEST_JOURNAL_FOR_BOY","\#Y[小梅]: \#W"
"MSG_QUEST_JOURNAL_FOR_GIRL","\#Y[青儿]: \#W"
"MSG_QUESTION_ENTER_FAIL","活动开始前15分钟才可以进场"
"MSG_QUESTION_ENTER_FAIL_RUNNING","活动正在进行中，下回请再活动开启前15分钟进场"
"MSG_QUESTION_WELCOME","欢迎参加大李小百科活动"
"MSG_QUESTION_FAIL_LEVEL","参加活动人物等级需≥20级"
"MSG_QUESTION_FAIL_PARTY","组队状态无法入场"
"MSG_QUESTION_FAIL_BATTLE","战斗状态无法入场"
"MSG_QUESTION_FAIL_INSTANCE","不能从副本地图直接传入大李小百科场地"
"MSG_QUESTION_END","大李小百科,活动结束,请等系统计算完奖励再退出,否则无法得到奖励,三分钟后将自动退出此场景"
"MSG_QUESTION_ANSWER_RIGHT","大李小百科,回答正确"
"MSG_QUESTION_ANSWER_ERROR","大李小百科,回答错误"
"MSG_QUESTION_ANSWER_TIMEOUT","大李小百科,回答超时"
"MSG_QUESTION_EXIT","大李小百科,成功退出"
"MSG_QUESTION_EXIT_NONORMAL","大李小百科,非正常退出无法得到奖励"
"MSG_QUESTION_ASK_JOIN","大李小百科现在开始,是否参加?"
"MSG_QUESTLOG_BEGINNPC","[任务发起人]"
"MSG_QUESTLOG_BIGGERTHAN","大于"
"MSG_QUESTLOG_CANCEL_MSG","你确认要删除任务「%s-%s」吗？"
"MSG_QUESTLOG_CANNOT_CANCELQUEST","无法删除任务"
"MSG_QUESTLOG_COMPLETED","(完成)"
"MSG_QUESTLOG_COMPLETED2","已完成"
"MSG_QUESTLOG_CURRNEWBIEINFO","新人升級"
"MSG_QUESTLOG_DESCRIPT","[任务描述]"
"MSG_QUESTLOG_ENCOUNTNPC","已发现"
"MSG_QUESTLOG_EQUALTO","为"
"MSG_QUESTLOG_FAIL_ESCAPE","任务战斗逃跑"
"MSG_QUESTLOG_FAIL_FLOWERDIE","护送目标死亡"
"MSG_QUESTLOG_FAIL_OVERTIME","超时"
"MSG_QUESTLOG_FAIL_PLAYERDIE","任务战斗自己死亡"
"MSG_QUESTLOG_FAIL_TARGETNPCDIE","任务明雷NPC 消失"
"MSG_QUESTLOG_FAIL_TEAMDIE","任务战斗全体死亡"
"MSG_QUESTLOG_FAILED","(失败)"
"MSG_QUESTLOG_FAILED2","失败"
"MSG_QUESTLOG_FINISHNPC","[任务奖励人]"
"MSG_QUESTLOG_FINISHSUITATION","完成情况"
"MSG_QUESTLOG_NONAME_QUEST","名称更新中…"
"MSG_QUESTLOG_NONAME_TYPE","更新中…"
"MSG_QUESTLOG_PERDAY","/天"
"MSG_QUESTLOG_PROGRESS2","进行中"
"MSG_QUESTLOG_REMAININGROUND","剩余次数"
"MSG_QUESTLOG_ROUND","当前次数"
"MSG_QUESTLOG_STATE","完成情况："
"MSG_QUESTLOG_TARGET","[任务目标]"
"MSG_QUESTLOG_TARGETFOLLOWER","护送　"
"MSG_QUESTLOG_TARGETITEM","已得到"
"MSG_QUESTLOG_TARGETITEM_TYPE00","不作用"
"MSG_QUESTLOG_TARGETITEM_TYPE01","物品级数"
"MSG_QUESTLOG_TARGETITEM_TYPE02","品质"
"MSG_QUESTLOG_TARGETITEM_TYPE03","当前煅数"
"MSG_QUESTLOG_TARGETITEM_TYPE04","锻造修正根骨"
"MSG_QUESTLOG_TARGETITEM_TYPE05","锻造修正内息"
"MSG_QUESTLOG_TARGETITEM_TYPE06","锻造修正臂力"
"MSG_QUESTLOG_TARGETITEM_TYPE07","锻造修正体质"
"MSG_QUESTLOG_TARGETITEM_TYPE08","锻造修正身法"
"MSG_QUESTLOG_TARGETITEM_TYPE09","锻造修正攻击"
"MSG_QUESTLOG_TARGETITEM_TYPE10","锻造修正命中"
"MSG_QUESTLOG_TARGETITEM_TYPE11","锻造修正闪避"
"MSG_QUESTLOG_TARGETITEM_TYPE12","锻造修正内功"
"MSG_QUESTLOG_TARGETITEM_TYPE13","锻造修正速度"
"MSG_QUESTLOG_TARGETITEM_TYPE14","锻造修正最大生命"
"MSG_QUESTLOG_TARGETITEM_TYPE15","锻造修正最大内力"
"MSG_QUESTLOG_TARGETITEM_TYPE16","锻造修正最大酒意"
"MSG_QUESTLOG_TARGETMAP","已到达"
"MSG_QUESTLOG_TARGETMOB","已打败"
"MSG_QUESTLOG_TARGETNEWBIE","已协助新人"
"MSG_QUESTLOG_TARGETNPC","已找到"
"MSG_QUESTLOG_TARGETPARTNER","已说服"
"MSG_QUESTLOG_TARGETPARTNER_TYPEA00","等级"
"MSG_QUESTLOG_TARGETPARTNER_TYPEA01","五行"
"MSG_QUESTLOG_TARGETPARTNER_TYPEA02","善恶值"
"MSG_QUESTLOG_TARGETPARTNER_TYPEA03","健康值"
"MSG_QUESTLOG_TARGETPARTNER_TYPEB00","平均型"
"MSG_QUESTLOG_TARGETPARTNER_TYPEB01","根骨型"
"MSG_QUESTLOG_TARGETPARTNER_TYPEB02","内息型"
"MSG_QUESTLOG_TARGETPARTNER_TYPEB03","臂力型"
"MSG_QUESTLOG_TARGETPARTNER_TYPEB04","体质型"
"MSG_QUESTLOG_TARGETPARTNER_TYPEB05","身法型"
"MSG_QUESTLOG_TARGETPARTNER_TYPEB255","随机"
"MSG_QUESTLOG_TARGETPET","已养"
"MSG_QUESTLOG_TIMEELAPSED","剩余时间："
"MSG_QUESTLOG_TIPS","小贴士："
"MSG_RANK_GROUP_0_0","高手榜"
"MSG_RANK_GROUP_1_0","富豪榜"
"MSG_RANK_GROUP_2_1","玉郎君角色榜"
"MSG_RANK_GROUP_2_2","金铃儿角色榜"
"MSG_RANK_GROUP_2_3","鬼灵精角色榜"
"MSG_RANK_GROUP_2_4","小仙女角色榜"
"MSG_RANK_GROUP_2_5","妙郎中角色榜"
"MSG_RANK_GROUP_2_6","红袖女角色榜"
"MSG_RANK_GROUP_2_7","疾风狼角色榜"
"MSG_RANK_GROUP_2_8","飞天舞角色榜"
"MSG_RANK_GROUP_3_0","名人榜"
"MSG_RANK_GROUP_4_0","恶人榜"
"MSG_RANK_GROUP_5_1","六扇门门派高手榜"
"MSG_RANK_GROUP_5_2","十二连环坞门派高手榜"
"MSG_RANK_GROUP_5_3","圣坛门派高手榜"
"MSG_RANK_GROUP_5_4","银钩雪坊门派高手榜"
"MSG_RANK_GROUP_5_5","唐门门派高手榜"
"MSG_RANK_GROUP_5_6","万福万寿园门派高手榜"
"MSG_RANK_GROUP_5_7","青衣楼门派高手榜"
"MSG_RANK_GROUP_5_8","鬼域门派高手榜"
"MSG_RANK_GROUP_6_0","个人比武积分榜"
"MSG_RANK_MESSAGE","恭喜%s从%s中由%d位上升到%d位,果然是长江后浪推前浪。"
"MSG_RANK_SEARCH_FAIL","找不到角色"
"MSG_REQUEST_HELP_FAIL","不能再救助"
"MSG_REQUEST_JOIN_BATTLE_FAIL","参战失败"
"MSG_REQUEST_JOIN_BATTLE_FAIL_ALREADY_INSIDE","你已加在申请列表中"
"MSG_REQUEST_JOIN_BATTLE_FAIL_PK_ENABLE","需开启PK开关"
"MSG_REQUEST_JOIN_BATTLE_FAIL_PK_FORCE","对方并未开启ＰＫ开关，你决定强行ＰＫ？"
"MSG_REQUEST_JOIN_BATTLE_FAIL_PK_LV","你等级低于20级，无法进行PK"
"MSG_REQUEST_JOIN_BATTLE_FAIL_TOO_FRE","请稍候再提出申请"
"MSG_REQUEST_JOIN_BATTLE_FAIL_TOO_MANY","很遗憾，对方的队伍已满!"
"MSG_RETURN_FAIL_NO_RIGHT_BLOCK","你已被禁言，%s后才能发言。"
"MSG_RETURN_FAIL_NO_RIGHT_LV","到达10级才能发言"
"MSG_RETURN_FAIL_NO_RIGHT_NO_COUNT","请使用喇叭道具获得喇叭频道发言权
"
"MSG_SCRIPT_ADDEXP","获得 %d 经验值"
"MSG_SCRIPT_ADDGAMEMONEY","获得 %d 两"
"MSG_SCRIPT_ADDITEM","获得 %s "
"MSG_SCRIPT_ADDITEM2","获得%s "
"MSG_SCRIPT_GIVEN_CANT","文字模式进行中,不能给予"
"MSG_SCRIPT_NPCNOTREPLY","你跟他打了个招呼，但对方并不搭理你…"
"MSG_SCRIPT_TRADING_CANT","文字模式进行中,不能交易"
"MSG_SCRIPT_TRADING_CANT","文字模式进行中,不能交易"
"MSG_SCRIPT_WAIT","还有其他队员未回答，请等待…"
"MSG_SECOND","秒"
"MSG_SEXCLASS_F_ASSASSIN","女刺客"
"MSG_SEXCLASS_F_DOCTOR","女医师"
"MSG_SEXCLASS_F_PALADIN","女侠客"
"MSG_SEXCLASS_F_THIEF","女盗贼"
"MSG_SEXCLASS_FEMALE","女性角色"
"MSG_SEXCLASS_M_ASSASSIN","男刺客"
"MSG_SEXCLASS_M_DOCTOR","男医师"
"MSG_SEXCLASS_M_PALADIN","男侠客"
"MSG_SEXCLASS_M_THIEF","男盗贼"
"MSG_SEXCLASS_MALE","男性角色"
"MSG_SEXCLASS_NONE","没有"
"MSG_SHOP_BUY_CONFIRM","确定买入 %s"
"MSG_SHOP_BUY_INPUT","买入 %s 数量"
"MSG_SHOP_BUY_SUCCESS","买入 %s 成功，花费 %d 两"
"MSG_SHOP_INPUT_COUNT","输入 %s 数量"
"MSG_SHOP_INPUT_ERR","输入数量错误 "
"MSG_SHOP_NO_ITEM_ID","没有此道具售卖"
"MSG_SHOP_NO_SPACE","空间不足"
"MSG_SHOP_NOT_ENOUGH_MONEY","银两不足，无法购买"
"MSG_SHOP_SELL_CONFIRM","确定卖出 %s"
"MSG_SHOP_SELL_INPUT","卖出 %s 数量"
"MSG_SHOP_SELL_PRICE","卖出：　%d两"
"MSG_SHOP_SELL_SUCCESS","卖出 %s 成功，得到 %d 两"
"MSG_SHOP_TOTAL_COST","银两数: %d"
"MSG_SINGLEWORD_YOU","你"
"MSG_SKILL_DP","酒意 :"
"MSG_SKILL_HP","生命 :"
"MSG_SKILL_ITEM_INVALID","只能选取%s类道具"
"MSG_SKILL_ITEM_NOT_SELECT","请先选取道具"
"MSG_SKILL_LEVEL","等级 : "
"MSG_SKILL_REQ_BASE_RANK","必需心法：%s (等级 %d)"
"MSG_SKILL_REQ_CHAR_LV","必需等级：%d"
"MSG_SKILL_SHOP_FAIL_DONATEFACTION","门贡不足"
"MSG_SKILL_SHOP_FAIL_DONATEGUILD","帮贡不足"
"MSG_SKILL_SHOP_FAIL_EXP","经验值不足"
"MSG_SKILL_SHOP_FAIL_HONOR","威望不足"
"MSG_SKILL_SHOP_FAIL_LV","角色等级不足"
"MSG_SKILL_SHOP_FAIL_LV2","心法修习不能超过自己等级10级以上"
"MSG_SKILL_SHOP_FAIL_MAX_RANK","技能等级已达上限"
"MSG_SKILL_SHOP_FAIL_MONEY","银两不足"
"MSG_SKILL_SHOP_FAIL_YUANBAO","元宝不足"
"MSG_SKILL_SP","内力 :"
"MSG_SKILL_USE_DISABLE","不能使用技能"
"MSG_SKILL_USE_FAIL_NOT_BATTLE","只能在战斗状态下使用"
"MSG_SKILL_USE_FAIL_NOT_PEACE","只能在和平状态下使用"
"MSG_SKILL_USE_FAIL_TYPE_BLOCK","%s使用失败 技能被封锁"
"MSG_SKILL_USE_FAIL_TYPE_NO_TARGET","%s使用失败 没有目标"
"MSG_SKILL_USE_FAIL_TYPE_NOITEM","%s使用失败 没有物品"
"MSG_SKILL_USE_FAIL_TYPE_PASSIVE","此为被动技能,不能选用"
"MSG_SKILL_USE_FAIL_TYPE_TARGET_INVALID","%s使用失败 技能使用目标不正确"
"MSG_SKILL_USE_FAIL_TYPE_USING","正在使用招式"
"MSG_SKILL_VP","体力 :"
"MSG_SPACE","　"
"MSG_SPEAK_COUNT","喇叭频道发言权剩余次数%d"
"MSG_SPEND_YUANBAO","花费%d元宝"
"MSG_SUB_CHAT_TITLE","对话框"
"MSG_SYB_NONE","－"
"MSG_SYMBOL_COLLAPSE","[－]"
"MSG_SYMBOL_EXPAND","[＋]"
"MSG_SYS_BAG_DISABLE","包裹未启动"
"MSG_SYS_BAG_FULL","你的行囊装不下更多东西"
"MSG_SYS_BAG_MOVE_SCRIPT","剧情道具不可放入其它位置"
"MSG_SYS_BAG_SCRIPT_RUNNING","包裹繁忙中, 请稍后再试"
"MSG_SYS_BATTLE_AND_PARTNER_LEVELUP","同伴等级提升"
"MSG_SYS_BATTLE_ANDITEMGET","得到"
"MSG_SYS_BATTLE_ANDLEVELUP","角色等级提升"
"MSG_SYS_BATTLE_BAGFULLDROP","你的当前背包已满！丢弃道具："
"MSG_SYS_BATTLE_BAGFULLNOTICE","你的当前背包已满，请及时清空"
"MSG_SYS_BATTLE_BOUNDS_EXP","额外奖励经验%d"
"MSG_SYS_BATTLE_LOST","战斗失败，玩家死亡。失去经验%d点，现金%d，威望%d点"
"MSG_SYS_BATTLE_PARTNER_EXP","同伴获得经验值%d"
"MSG_SYS_BATTLE_WON","战斗胜利，获得经验值%d"
"MSG_SYS_CANCEL_BATTLEITEMUSE","取消使用物品"
"MSG_SYS_CHANGE_LINE","更换至服务器 : %s"
"MSG_SYS_CHANGE_LINE_TOO_FREQ","请不要频繁跳线,距离下次跳线还剩%d秒"
"MSG_SYS_CHANNEL_EXISTED","频道已存在"
"MSG_SYS_CHANNEL_JOIN","已加入频道"
"MSG_SYS_CHANNEL_NORIGHT","你暂时没有资格发言"
"MSG_SYS_CHANNEL_NOTARGET","对方不在线"
"MSG_SYS_CHANNEL_NOTFOUND","没发现频道"
"MSG_SYS_CHANNEL_TOOFREQ","请不要频繁发言,距离下次发言还剩%d秒"
"MSG_SYS_CHANNEL_TOOMUCH","对方离线讯息太多了"
"MSG_SYS_CHANNEL_INACTIVE","对方角色闲置太久了"
"MSG_SYS_FAILED_BATTLEEQUIP","战斗中不能装备物品"
"MSG_SYS_FAILED_BATTLEITEMUSE","无法使用物品"
"MSG_SYS_FULL_SCREEN_FAIL","转换全屏失败"
"MSG_SYS_ITEM_BAG_CANT_USE","非当前不能用该物品"
"MSG_SYS_ITEM_CANT_SELL","该物品不能出售"
"MSG_SYS_ITEM_CANT_USE","此角色不能用该物品"
"MSG_SYS_ITEM_DROP","成功丢弃道具"
"MSG_SYS_ITEM_DROP_ERR","丢弃错误"
"MSG_SYS_ITEM_DROP_NUM_ERR","丢弃数量错误"
"MSG_SYS_ITEM_MEMBERCANNOTUSE","组队状态下, 队员无法使用"
"MSG_SYS_ITEM_NOT_EXIST","物品不存在"
"MSG_SYS_ITEM_SELL_ERR","售卖道具错误"
"MSG_SYS_ITEM_USED","成功道具使用"
"MSG_SYS_LINE_FULL","此线已满等待一会才尝试登入"
"MSG_SYS_REMOVE_WRONG_TYPING","输入文字不正确"
"MSG_SYS_SHUTDOWN_MIN","服务器将于%d分钟后关闭，为了您的角色资料安全，请尽快下线。"
"MSG_SYS_SHUTDOWN_SEC","服务器将于%d秒后关闭，为了您的角色资料安全，请尽快下线。"
"MSG_SYS_TARGET_PARTY_FULL","对方队伍已满"
"MSG_SYS_THIS_MAP_CANT_CHANGE_LINE","这儿不能跳线"
"MSG_SYS_WAIT_LOGIN","等待一会才尝试登入"
"MSG_TARGET_POPUP_ADD_BLOCK_LIST","加黑名单"
"MSG_TARGET_POPUP_CALL_GM","外挂举报"
"MSG_TARGET_POPUP_COPY_NAME","复制人名"
"MSG_TARGET_POPUP_INVITE_FRIEND","成为好友"
"MSG_TARGET_POPUP_INVITE_PARTY","邀请组队"
"MSG_TARGET_POPUP_JOIN_PARTY","申请入队"
"MSG_TARGET_POPUP_PRIVATE_CALL","设置私聊"
"MSG_TARGET_POPUP_VIEW_INFO","查看讯息"
"MSG_TIME_LIMIT_HAVE","使用期限"
"MSG_TIME_LIMIT_REMAIN","剩余时间"
"MSG_TIME_LIMIT_TYPE_EQ","装备计时"
"MSG_TIME_LIMIT_TYPE_GET","获取计时"
"MSG_TIME_LIMIT_TYPE_USE","使用计时"
"MSG_TRADING_BATTLE","对方正在战争,不能交易"
"MSG_TRADING_BATTLE_FALSE","战争中不能交易"
"MSG_TRADING_CANCEL_BY_MYSELF","你已取消和%s的交易"
"MSG_TRADING_CANCEL_BY_OTHER","%s已取消和你的交易"
"MSG_TRADING_CHAR_FAIL","你的交易对象已经不在了"
"MSG_TRADING_CONFIRM","对方已按下确定"
"MSG_TRADING_DIS_FAIL","距离太远,无法交易"
"MSG_TRADING_GET","你在交易中得到"
"MSG_TRADING_GIVEN_CANT_DROP_PARTNER","同伴在交易或给予中, 不能遣散"
"MSG_TRADING_GIVEN_CANT_DROP_PET","宠物在交易或给予中, 不能遗弃"
"MSG_TRADING_ITEM_BOUND","物品被绑定,不能交易"
"MSG_TRADING_MONEY_FAIL","没有足够银两"
"MSG_TRADING_MYSELF","不能与自己交易"
"MSG_TRADING_NOT_FRIEND_REQ","清注意，对方不是你的好友！"
"MSG_TRADING_PARTNER_BOUND","同伴被绑定,不能交易"
"MSG_TRADING_PARTNER_FAIL","没有足够位置放置同伴"
"MSG_TRADING_PET_BOUND","宠物被绑定,不能交易"
"MSG_TRADING_PET_FAIL","没有足够位置放置宠物"
"MSG_TRADING_PLEASE_WAIT","交易要求已发出,请等待对方回复"
"MSG_TRADING_REQ_CANCEL","交易要求被取消"
"MSG_TRADING_REQ_TIMEOUT","交易要求逾时,交易要求已停止"
"MSG_TRADING_REQUEST","请求与你交易"
"MSG_TRADING_SELF_GIVEN_FAIL","给予进行中,不能交易"
"MSG_TRADING_SLOT_FAIL","没有足够位置放置物品"
"MSG_TRADING_STACK_FAIL","没有足够数量"
"MSG_TRADING_SUCCESS","成功交易"
"MSG_TRADING_TARGET_BUSY","对方交易中,请稍后再提出交易要求"
"MSG_TRADING_TRADE_NOTHING","没有物品被交易"
"MSG_TRADING_WAITING_CONFIRM","等待对方按下确定"
"MSG_TRADING_WITH_TARGET","正在与%s进行交易"
"MSG_USE_SKILL_FAIL","使用技能失败"
"MSG_USE_PET_FAIL_LV","等级不足，不能使用该宠物。"
"MSE_SYS_ANTIHACK_TIMEOUT","逾时操作"
"MSE_SYS_INPUT_ERROR","验证错误，请重新登陆。"
"MSG_LOGIN_KICK","帐号重复登陆，与服务器断开连接。"
"MSG_VERIFY_FAILED","验证错误，请重新登陆。"
"MSG_PARTNER_LEVEL_TOO_HIGH_CANT_FOLLOW","你的同伴携带等级过高，不能跟随。"
"MSG_SYS_HAS_PARTY_CANT_CHANGE_LINE","组队情况下不能跳线"
"MSG_SYS_CANT_CHANGE_LINE_WITHIN_FIVE_MIN","1分钟内不能跳线两次或以上"
"MSG_SYS_CHANGE_LINE_SUCCESS","转线成功"
"MSG_TRADING_CANT_CHANGE_LINE","交易中不能跳线"
"MSG_SYS_CHANGE_LINE_FAIL","转线失败"
"MSG_SYS_UPDATE_YUANBAO_TOO_FREQ","请不要频繁刷新,距离下次刷新还剩%d秒"
"MSG_WAREHOUSE_CANNOT_TRADING","交易进行中"
"MSG_WAREHOUSE_PUT_IN_WRONG_BAG","仓库物品只能放进当前背包"
"MSG_WAREHOUSE_PUT_IN_WRONG_ITEM","不能保管该物品"
"MSG_WAREHOUSE_FULL","仓库已经没有多余空间"
"MSG_WAREHOUSE_CURRENT_FULL","当前背包已满"
"MSG_WAREHOUSE_SLOT_NOT_OPEN","此格未开启"
"MSG_WAREHOUSE_RUN_SCRIPT","文字模式进行中"
"MSG_WAREHOUSE_ERROR","放置错误"
"MSG_PK_REQUEST_RESULT_LOW_MARTIAL_BATTLE_REQUEST","是否与%s（%dLV）的%d人队伍进行比武？
(初级比武需消耗10000银两)
"
"MSG_PK_REQUEST_RESULT_HIGH_MARTIAL_BATTLE_REQUEST","是否与%s（%dLV）的%d人队伍进行比武？
(高级比武需消耗500000银两)
"
"MSG_PK_MARTIAL_WIN_MONEY","比武获胜，获得银两%d"
"MSG_PK_MARTIAL_WIN_POINT","比武获胜，获得比武积分%d"
"MSG_PK_MARTIAL_DRAW_MONEY","比武和局，获得银两%d"
"MSG_HIGH_MARTIAL_WIN","#O号外号外!决战%s的比武有结果了!#W%s#O的队伍击败了#W%s#O的队伍，好一场惊天地泣鬼神的决斗啊!"
"MSG_HIGH_MARTIAL_DRAW","#O号外号外!决战%s的比武有结果了!#W%s#O的队伍与#W%s#O的队伍大战数百回合最终为平局，实力真是不相伯仲啊!"
"MSG_MARTIAL_MONEY_NOT_ENOUGH","%s银两不足，比武取消"
"MSG_SYS_UPDATE_YUANBAO_TOO_FREQ","请不要频繁刷新,距离下次刷新还剩%d秒"
"MSG_LOGIN_CHARACTER_LIFE","%d天%d时%d分钟"
"MSG_SYS_CHARACTER_IMMORTAL","等级超过60的角色不能删除"
"MSG_SYS_CHARACTER_FROZEN","角色冻结中"
"MSG_WAREHOUSE_PARTNER_FULL","你最多只能托管%d个同伴"
"MSG_WAREHOUSE_CURRENT_PARTNER_FULL","已经带不了更多的同伴"
"MSG_WAREHOUSE_PUT_IN_USING_STATE","使用状况下不能放入仓库"
"MSG_WAREHOUSE_PET_FULL","你最多只能托管%d个宠物"
"MSG_WAREHOUSE_CURRENT_PET_FULL","已经带不了更多的宠物"
"MSG_ITEM_DETAIL_SKILL","附加兵武:#G%s"
"MSG_PK_REQUEST_RESULT_FAIL_SAME_GUILD","不能与相同帮派对战"
"MSG_PK_REQUEST_RESULT_FAIL_RESTING","%s正在休息中"
"MSG_PK_REQUEST_RESULT_FAIL_VP_NOT_ENOUGH","%s体力不足"
"MSG_GUILD_WAR_START_FAIL_NOT_ENOUGH","由于参与帮派不足，本周的帮派比武取消。"
"MSG_GUILD_WAR_WIN","在刚刚进行的帮派比武中，%s帮派战胜了%s帮派，充分向世人展现出了他们帮派的强劲实力！"
"MSG_GUILD_WAR_DRAW","在刚刚进行的帮派比武中，%s帮派与%s帮派实力相当，难分胜负，决出了个平局！"
"MSG_PK_REQUEST_RESULT_FAIL_WAR_NOT_START","帮派比武尚未开始"
"MSG_GUILDWAR_GROUP_UPPER_MSG","今天晚上的帮派比武分组情况如下"
"MSG_GUILDWAR_GROUP_LOWER_MSG","请参赛帮派做好准备，入场时间为20：00，入场地点为2线京城(201,159)，帮派比武主持人处。"
"MSG_GUILDWAR_WIN_REWARD_BATTLE","战斗胜利，获得帮派贡献%d"
"MSG_GUILDWAR_GROUP_NOT_ENOUGH","由于参与帮派不足，本周的帮派比武取消。"
"MSG_GUILDWAR_GROUP0","A组："
"MSG_GUILDWAR_GROUP1","B组："
"MSG_GUILDWAR_GROUP2","C组："
"MSG_GUILDWAR_GROUP3","D组："
"MSG_GUILDWAR_GROUP4","E组："
"MSG_GUILDWAR_GROUP5","F组："
"MSG_GUILDWAR_GROUP6","G组："
"MSG_GUILDWAR_GROUP7","H组："
"MSG_YUANBAO_ALREADY_LOCK","元宝已经上锁"
"MSG_BANKMONEY_ALREADY_LOCK","存款已经上锁"
"MSG_ITEM_LOCK_ALREADY","物品已经上锁"
"MSG_PARTNER_LOCK_ALREADY","同伴已经上锁"
"MSG_PET_LOCK_ALREADY","宠物已经上锁"
"MSG_YUANBAO_ALREADY_UNLOCK","元宝没有上锁"
"MSG_BANKMONEY_ALREADY_UNLOCK","存款没有上锁"
"MSG_ITEM_UNLOCK_ALREADY","物品没有上锁"
"MSG_PARTNER_UNLOCK_ALREADY","同伴没有上锁"
"MSG_PET_UNLOCK_ALREADY","宠物没有上锁"
"MSG_SHOP_LOCK_ERR","上锁物品不能出售"
"MSG_ITEM_LOCK_SUCCESS","物品成功上锁"
"MSG_BANKMONEY_LOCK_SUCCESS","存款成功上锁"
"MSG_YUANBAO_LOCK_SUCCESS","元宝成功上锁"
"MSG_PARTNER_LOCK_SUCCESS","同伴成功上锁"
"MSG_PET_LOCK_SUCCESS","宠物成功上锁"
"MSG_BANKMONEY_UNLOCK_SUCCESS","存款成功解锁"
"MSG_YUANBAO_UNLOCK_SUCCESS","元宝成功解锁"
"MSG_ITEM_UNLOCK_SUCCESS","物品成功解锁"
"MSG_PARTNER_UNLOCK_SUCCESS","同伴成功解锁"
"MSG_PET_UNLOCK_SUCCESS","宠物成功解锁"
"MSG_BANKMONEY_LOCK_FAIL","存款数目为0, 不须解锁/上锁"
"MSG_YUANBAO_LOCK_FAIL","元宝数目为0, 不须解锁/上锁"
"MSG_BANK_LOCK_CANT_USE","存款已上锁, 不能取出/存入"
"MSG_ITEM_LOCK_PASSWORD_INVALID","密码有误"
"MSG_ASSET_SET_LOCKPASS_SUCCESS","成功更改密码"
"MSG_ASSET_SET_LOCKPASS_FAIL","更改密码失败"
"MSG_LOCK_CANT_DROP_PET","不能丢弃已锁宠物"
"MSG_LOCK_CANT_DROP_PARTNER","不能丢弃已锁同伴"
"MSG_ITEM_LOCK_CANT_USE","不能使用已锁物品"
"MSG_ASSET_LOCKPASS_SUCCESS","成功设置密码"
"MSG_YUANBAO_LOCK_CANT_USE","元宝已锁,不能使用"
"MSG_ITEM_LOCK_PASSWORD_LENGTH_INVALID","密码长度必须为4-12字数以内"
"MSG_CHARACTER_OVERFLOW_EXP","角色经验值达到极限,不能再获得经验"
"MSG_REMOVE_MESSENGER_FAIL_RELATION","你和对方有其它关系，不能移除好友"
"MSG_GUILDWAR_GROUP_RUMER","本周成功竞标帮派比武的帮派如下："
"MSG_GUILDWAR_KICK_FAIL","帮派比武中不能脱离所在帮派或移除帮员"
"MSG_GUILDWAR_TITLE_CANNOT_CHANGE","此场景无法更换称号"
"MSG_GUILDWAR_END_FIRST_CONTINUE","今天的帮派比武已结束，明天晚上同时间的帮派比武分组情况如下："
"MSG_ASSET_LOCK_TIPS1","请点击想加锁的物品﹑同伴或宠物，亦可在”元宝”及”存款”图标上加锁。"
"MSG_ASSET_LOCK_TIPS2","亲爱的用户，您尚未创建物品加锁的密码；密码由a—z的小写英文字母、0-9的数定组成，长度为4-12个字符；加锁后的物品将不能交易、给予、丢弃、消耗、出售；请牢记您的物品锁密码！!"
"MSG_ASSET_LOCK_TIPS3","修改密码：如果您记得原密码，可以点击“修改密码”按钮来重新设置加锁密码。"
"MSG_ASSET_LOCK_TIPS4","强行解除：此功能可以在15天后自动清空旧密码。15天内如果记起密码，只要输入一次正确密码，可以取消强行解锁的状态。"
"MSG_ASSET_LOCK_TIPS5","您申请了强行解除，在%d天%d时%d分钟后才会自动清空旧密码。"
"MSG_ASSET_LOCK_TIPS6","请点击想加锁/解锁的物品﹑同伴或宠物，亦可在”元宝”及”存款”图标上加锁/解锁。"
"MSG_CHANGE_LINE_FAIL_MAP","此场景不允许换线"
"MSG_DONATE_SUCCESS","捐献银两给帮派有功，奖励帮贡%d"
"MSG_AUTOWALK_TIMEOVER_HAS_HOUR","已启动自动遇敌功能,距自动遇敌结束时间%d小时%d分%d秒"
"MSG_AUTOWALK_TIMEOVER_NOT_HOUR","已启动自动遇敌功能,距自动遇敌结束时间%d分%d秒"
"MSG_AUTOWALK_STANBDY","启动该功能后,一小时内您将不必手动操作即可自动遇敌。为了保证您在练功过程中的效率及安全,建议您配合碧灵丹、碧血丹、碧心丹以及极乐之心使用。"
"MSG_SOULBOUND_SUGGESTION","解除 %s 的绑定，需要 %d 个 %s"
"MSG_SOULBOUND_ALREADY_BOUND","请放入已绑定的装备"
"MSG_SOULBOUND_FIRST_BOUND","请在指定框中先放入已绑定的装备"
"MSG_SOULBOUND_STONE","请在指定框中先放入 %s"
"MSG_SOULBOUND_CANNOT","这件装备无法解绑"
"MSG_UNSOULBOUND_SUCCESS","哈哈，我的手艺不错吧，你的 %s 已成功解绑了。"
"MSG_PARTNER_COLLECTION_ENABLE_OR_DISABLE_FAIL","使用/取消同伴录失败"
"MSG_PARTNER_COLLECTION_ENABLE_SUCCESS","使用同伴录成功，注意：使用同伴录时同伴健康消耗将会是原来８倍"
"MSG_PARTNER_COLLECTION_DISABLE_SUCCESS","取消同伴录成功"
"MSG_PARTNER_COLLECTION_ADD_SUCCESS","恭喜！【同伴录】又增添一名成员 %s！"
"MSG_PARTNER_COLLECTION_ADD_NOT_EXIST","该同伴不存在！"
"MSG_PARTNER_COLLECTION_ADD_USELESS","同伴%s 不是【同伴录】所需同伴！"
"MSG_PARTNER_COLLECTION_ADD_ALREADY_EXIST_IN_COLLECTION","同伴%s 已经在同伴录内！"
"MSG_PARTNER_COLLECTION_ADD_LEVEL_REQUIRE","你的等级必须大于等于 %s 的携带等级"
"MSG_TRADING_FAIL_GUILD_WAR","帮战中不能交易"
"MSG_TARGET_EQUIP_REQUEST_LINE_FAIL","目标不在线或者与您不在同一线"
"MSG_TARGET_EQUIP_REQUEST_DISABLE","目标不允许他人查看装备"
"MSG_SIBLING_TITLE_PREFIX2","双"
"MSG_SIBLING_TITLE_PREFIX3","三"
"MSG_SIBLING_TITLE_PREFIX4","四"
"MSG_SIBLING_TITLE_PREFIX5","五"
"MSG_SIBLING_TITLE_PREFIX6","六"
"MSG_SIBLING_TITLE_PREFIX7","七"
"MSG_SIBLING_TITLE_PREFIX8","八"
"MSG_SIBLING_TITLE_PREFIX9","九"
"MSG_SIBLING_TITLE_PREFIX10","十"
"MSG_SIBLING_TITLE_PREFIX_MIDDLE","之"
"MSG_SIBLING_TITLE_SUFFIX1","老大"
"MSG_SIBLING_TITLE_SUFFIX2","老二"
"MSG_SIBLING_TITLE_SUFFIX3","老三"
"MSG_SIBLING_TITLE_SUFFIX4","老四"
"MSG_SIBLING_TITLE_SUFFIX5","老五"
"MSG_SIBLING_TITLE_SUFFIX6","老六"
"MSG_SIBLING_TITLE_SUFFIX7","老七"
"MSG_SIBLING_TITLE_SUFFIX8","老八"
"MSG_SIBLING_TITLE_SUFFIX9","老九"
"MSG_SIBLING_TITLE_SUFFIX10","老十"
"MSG_SIBLING_TITLE_SUFFIX_ERROR","输入的结拜后缀非法!"
"MSG_SIBLING_TITLE_PREFIX_ERROR","输入的结拜前缀非法!"
"MSG_ITEM_PRICE_UNIT3","元宝票"
"MSG_CHAR_OWN","你拥有"
"MSG_SYS_EXCHANGEING","转换中"
"MSG_CHANGE_YB_SUCCESS","转换成功"
"MSG_CHANGE_YB_FAIL","转换失败"
"MSG_CHANGE_YB_WRONGPASSWORD","密码输入错误"
"MSG_SYS_BAG_MOVE_INVALID","取消移动物品"
"MSG_TRADING_FAIL_NOT_SUIT_MAP","此场景不能交易"
"MSG_FRIEND_MASTER_ONLINE","你的师傅%s已在线，可以向他请教游戏中的问题。"
"MSG_FRIEND_STUDENT_ONLINE","你的徒弟%s已在线，尽可能的多向他提供些帮助吧。"
"MSG_ADD_FRIEND_IN_BATTLE","战斗中不可进行此操作。"
"MSG_WAREHOUSE_WRONG_ITEM_SLOT","此格并非用作存放物品"
"MSG_RETURN_FAIL_NO_RIGHT_MONEY","银两不足1000，无法在江湖频道发言"
"MSG_RETURN_SUCCESS_COST_MONEY","江湖频道发言，消耗银两1000"
"MSG_CANNOT_REJECT_CHANNELTYPE_SPEAKER","喇叭频道无法关闭"
"MSG_CANNOT_CHANGE_TO_RUMOR_CHANNEL","传闻频道无法使用"
"MSG_RETURN_FAIL_NO_RIGHT_MONEY_GANG","银两不足200，无法在门派频道发言"
"MSG_RETURN_SUCCESS_COST_MONEY_GANG","门派频道发言，消耗银两200"
"MSG_HAWK_HAWKING_CANT_DO_AUTOWALK","摆摊中,不能启动自动遇敌功能"
"MSG_HAWK_STOP_HAWK","收摊回家！"
"MSG_CHANNEL_SPEAKER_NO_ICON","喇叭频道无法发送表情，表情字符将被屏蔽"
"MSG_LINEUP_SET_LINEUP_SUCCESS","设置阵法成功"
"MSG_LINEUP_SET_LINEUP_FAILED","设置阵法失败,未学习该阵法或不是队长"
"MSG_LINEUP_SET_KEYPOSE_SUCCESS","设置阵眼成功"
"MSG_LINEUP_SET_KEYPOSE_FAILED","设置阵眼失败，不是队长"
"MSG_LINEUP_FORGIVE_LINEUP_SUCCESS","遗忘阵法成功"
"MSG_LINEUP_FORGIVE_LINEUP_BASE_CANNT","普通阵法不可遗忘"
"MSG_LINEUP_FORGIVE_LINEUP_NO_EXSIT","没有学习指定阵法"
"MSG_HAWK_TARGET_NO_NAME_ONLINE","%d(在线)"
"MSG_HAWK_TARGET_NO_NAME_NO_ONLINE","%d(不在线)"
"MSG_HAWK_TARGET_NAME_ONLINE","%s(UID:%d)(在线)"
"MSG_HAWK_TARGET_NAME_NO_ONLINE","%s(UID:%d)(不在线)"
"MSG_MIX_GEM_SUCCESS","宝石合成完成，你获得了一颗%s"
"MSG_MIX_GEM_FAIL","宝石合成失败"
"MIXSHOP_GEMMIX_FAIL_GEMLOCK","此物品已上锁，进行相关操作之前先解锁"
"MIXSHOP_GEMMIX_FAIL_MAXGEMLEVEL","宝石已经是最大等级，无法继续合成"
"MIXSHOP_GEMMIX_FAIL_DIFFLEVEL","必须为同等级同类型的宝石才可以进行合成"
"MIXSHOP_GEMMIX_FAIL_DISABLE","无法合成宝石"
"MIXSHOP_GEMMIX_RUMOR_LEVEL4","\#W%s\#O经过一番努力，终于合成出了\#P%s"
"MIXSHOP_GEMINLAY_FAIL_EQITEMLOCK","已上锁的道具不可以进行镶嵌"
"MIXSHOP_GEMINLAY_FAIL_NOTIDENTIFY","未鉴定的道具不可以进行镶嵌"
"MIXSHOP_GEMINLAY_FAIL_MAXINLAYCOUNT","此装备已镶嵌2颗宝石，无法继续镶嵌。"
"MIXSHOP_GEMINLAY_FAIL_DISABLE","无法镶嵌宝石"
"MIXSHOP_GEMINLAY_FAIL_REQ_EQITEM","请先放入需要镶嵌宝石的装备"
"MIXSHOP_GEMINLAY_FAIL_LEVEL60","小于等于60级的装备最多可镶嵌5级宝石"
"MIXSHOP_GEMINLAY_FAIL_LEVEL70","小于等于80级的装备最多可镶嵌6级宝石"
"MIXSHOP_GEMINLAY_FAIL_SAMEGEM","一件装备只能镶嵌一颗同种类型的宝石。"
"MIXSHOP_GEMINLAY_FAIL_EQTYPE","装备类型错误"
"MIXSHOP_GEMINLAY_FAIL_GEMLOCK","已锁定的宝石不能镶嵌"
"MIXSHOP_GEMINLAY_FAIL_GEMTYPE","宝石类型和装备部位不对应"
"MIXSHOP_GEMINLAY_FAIL_REQ_GEMITEM","请先放入需要镶嵌的宝石"
"MIXSHOP_GEMINLAY_FAIL_CONSUMEITEMLEVEL","宝石镶嵌符的等级低于待镶嵌宝石的等级，无法完成镶嵌"
"MIXSHOP_GEMINLAY_FAIL_CONSUMEITEMTYPE","只能放入宝石镶嵌符。"
"MIXSHOP_GEMINLAY_SUCCESS","宝石已经成功镶嵌在装备上。"
"MIXSHOP_GEMMIX_BOUNDTIPS","注意：参与合成的宝石中，有已绑定宝石，合成后的产物也将与您绑定，确认要继续合成请再次点击合成按钮。"
"MIXSHOP_GEMINLAY_BOUNDTIPS","注意：待镶嵌的宝石是绑定的，装备镶嵌一颗绑定的宝石后，产物将与您绑定，确认要继续镶嵌请再次点击镶嵌按钮。"
"MIXSHOP_GEMREMOVE_FAIL_REQ_EQITEM","请先放入需要摘除宝石的装备"
"MIXSHOP_GEMREMOVE_FAIL_NOTINLAYGEM","你的装备上没有宝石，无法进行摘除。"
"MIXSHOP_GEMINLAY_FAIL_EQITEMLOCK","已上锁的道具不可以进行摘除"
"MIXSHOP_GEMINLAY_FAIL_DISABLE","无法摘除宝石"
"MIXSHOP_GEMREMOVE_FAIL_REQ_CONSUMEITEM","只能放入宝石摘除符。"
"MIXSHOP_GEMREMOVE_FAIL_CONSUMEITEMLEVEL","宝石摘除符的等级过低，无法完成摘除。"
"MIXSHOP_GEMREMOVE_FAIL_NOTSELECTGEM","你必须先选择一个已嵌入的宝石"
"MIXSHOP_GEMREMOVE_SUCCESS","装备已经成功拆除宝石"
"MSG_HAWK_ITEM_LOCK","不能摆摊贩卖已锁物品"
"MSG_HAWK_PET_LOCK","不能摆摊贩卖已锁宠物"
"MSG_HAWK_PARTNER_LOCK","不能摆摊贩卖已锁同伴"
"MSG_CHANGE_YB_CONFIRM","你要以%d张元宝票兑换%d元宝么?"
"MSG_CHANGE_YBT_CONFIRM","你要以%d元宝兑换%d张元宝票么?"
"MSG_SELL_YB_SELLING","寄售中"
"MSG_SELL_YB_SELL_CONFIRM","你确定要以%d的单价寄售%d张元宝票么?"
"MSG_PRICE_TITLE_TOTAL_PRICE","总金额"
"MSG_SELL_YB_SUCCESS","寄售成功"
"MSG_SELL_YB_IN_TRADING","交易中不能寄售"
"MSG_SELL_YB_IN_HAWKING","摆摊中不能寄售"
"MSG_SELL_YB_NOT_IN_MAP","角色在不地图，不能寄售"
"MSG_SELL_YB_SCRIPT_RUNNING","文字模式进行中，不能寄售"
"MSG_SELL_YB_NO_MONEY","税金不足"
"MSG_SELL_YB_NO_YBT","没有足够的元宝票"
"MSG_SELL_YB_ERROR","寄售错误，请检查输入的数据有没有问题"
"MSG_BUY_YB_SUCCESS","购买成功"
"MSG_BUY_YB_ERROR","购买错误，请检查输入的数据有没有问题"
"MSG_BUY_YB_SOLD_ALL","已售罄"
"MSG_BUY_YB_NO_MONEY","银两不足"
"MSG_BUY_YB_IN_TRADING","交易中不能购买"
"MSG_BUY_YB_IN_HAWKING","摆摊中不能购买"
"MSG_BUY_YB_NOT_IN_MAP","角色在不地图，不能购买"
"MSG_BUY_YB_SCRIPT_RUNNING","文字模式进行中，不能购买"
"MSG_BUY_YB_EXPIRE","已过了寄售期限，不能购买"
"MSG_SELL_YB_MEET_MAX_RECORD","已达到寄售上限(包括已过期，或已售罄的记录)，不能寄售"
"MSG_SELL_YB_OWNER","这是你寄售的元宝票，不能购买"
"MSG_SELL_YB_NO_TEMP_BANK","你的临时账户并没有银两或元宝票"
"MSG_SELL_YB_TEMP_BANK_TEXT","你的临时账户中有%d银两和%d元宝票未领取，是否立即领取?"
"MSG_TEMPBANK_GETTING","提取中"
"MSG_BUY_YB_BUYING","购买中"
"MSG_TEMPBANK_IN_TRADING","交易中不能提取"
"MSG_TEMPBANK_IN_HAWKING","摆摊中不能提取"
"MSG_TEMPBANK_NOT_IN_MAP","角色在不地图，不能提取"
"MSG_TEMPBANK_SCRIPT_RUNNING","文字模式进行中，不能提取"
"MSG_TEMPBANK_GET_SUCCESS","提取成功"
"MSG_TEMPBANK_GET_FAIL","提取失败，请检查输入的数据有没有问题"
"MSG_YB_IN_TRADING","交易中不能寄售或转换"
"MSG_YB_IN_HAWKING","摆摊中不能寄售或转换"
"MSG_YB_NOT_IN_MAP","角色在不地图，不能寄售或转换"
"MSG_YB_SCRIPT_RUNNING","文字模式进行中，不能寄售或转换"
"MSG_CHANGE_YB_IN_TRADING","交易中不能转换"
"MSG_CHANGE_YB_IN_HAWKING","摆摊中不能转换"
"MSG_CHANGE_YB_NOT_IN_MAP","角色在不地图，不能转换"
"MSG_CHANGE_YB_SCRIPT_RUNNING","文字模式进行中，不能转换"
"MSG_PARTNER_COLLECTION_STR","臂力:+%d"
"MSG_PARTNER_COLLECTION_CON","体质:+%d"
"MSG_PARTNER_COLLECTION_STA","根骨:+%d"
"MSG_PARTNER_COLLECTION_AGI","身法:+%d"
"MSG_PARTNER_COLLECTION_SPR","内息:+%d"
"MSG_PARTNER_COLLECTION_ADD_LOCKED","必须解锁方可以放进同伴录内！"
"MSG_CHANGE_YB_YUANBAOLOCK","元宝已经上锁，不能转换"
"MSG_WANTED_SHOW_DETAIL","该玩家在%d线的%s(%d,%d)"
"MSG_WANTED_SHOW_DETAIL_NOT_ONLINE","该玩家不在线"
"MSG_WANTED_SHOW_DETAIL_INSTANCE","该玩家在副本%s(%d,%d)"
"MSG_WANTED_RUMOR_JAIL_DELIVERY","不得了了，不得了了，罪大滔天的犯人\#W%s\#O被人从狱中劫走了，朝廷已经发散了官兵四处搜索，天网恢恢疏而不漏，相信他是跑不掉的！"
"MSG_WANTED_RUMOR_WANTED_BAIL","\#W%s\#O花了巨额将犯人\#W%s\#O由天牢中保释了出来，可怜的\#W%s\#O在牢中受尽折磨，早已不成人形，早知如此，何必当初呢？"
"MSG_WANTED_RUMOR_WANTED_CATCH","武功盖世的\#W%s\#O，成功缉拿了通缉犯\#W%s\#O，将他关入了天牢，因此还获得了朝廷颁发的\#G%d\#O两赏金，真是大快人心啊！"
"MSG_WANTED_NOT_ENOUGH_MONEY","没有足够的金钱"
"MSG_WANTED_RUMOR_WANTED_GOVERNMENT_CATCH","朝廷派来的大内高手历尽艰辛终于抓到了一直东躲西藏的通缉犯\#W%s\#O，将他关入了天牢，真是大快人心啊！ "
"MSG_GUILD_POSITION_SAME_ERR","%s已经是%s，不需要重新任命。"
"MSG_GUILD_POSITION_CHANGE_NOTIFY","你的帮派职位已改变。"
"MSG_GUILD_MASTER_POSITION_CHANGE","恭喜%s成为本帮新任帮主！"
"MSG_GUILD_JOIN_ACCEPT","你已经被%s帮正式接纳为帮众。"
"MSG_GUILD_KICK_BYSELF_OWN_MSG","你已经脱离帮派。"
"MSG_GUILD_KICK_BYSELF_OTHER_MSG","志不同道不合，不相为谋。很遗憾，%s与本帮志趣相异，已经脱离本帮了。"
"MSG_GUILD_KICK_BYOTHER_OTHER_MSG","%s因%s被踢出帮派了。"
"MSG_GUILD_KICK_BYOTHER_OWN_MSG","你因为%s被踢出帮派了，你现在已是无帮人士。"
"MSG_GUILD_MUCH_DONATE_MSG","%s大手一挥，潇洒地飞出一张银票，仔细一看，竟有%d两。"
"MSG_TITLE_CANNOT_CHANGE","当前称号不能被替换"
"MSG_PK_ENTER_PK","\#R你已进入PK战斗!"
"MSG_WANTED_RUMOR_WANTED_CATCH_REWARD","穷凶极恶之徒，人人得而诛之，\#W%s\#O拿出自己的\#G%d\#O银两作为赏金，加码追捕通缉犯\#W%s\#O，大家都行动起来将犯人绳之于法啊！"
"MSG_WANTED_REWORD_SUCCESS","悬赏成功!"
"MSG_WANTED_REWORD_NOT_ONLINE","不能悬赏缉拿不在线或者在坐牢的通缉犯"
"MSG_GIFTBOX_UPDATE_SUCCESS","刷新成功"
"MSG_GIFTBOX_UPDATE_FAIL","刷新失败"
"MSG_GIFTBOX_NOT_IN_MAP","角色在不地图，不能刷新"
"MSG_GIFTBOX_UPDATE_SCRIPT_RUNNING","文字模式进行中，不能刷新"
"MSG_GIFTBOX_UPDATE_TRADING","交易中，不能刷新"
"MSG_ITEM_PRICE_UNIT4","银两"
"MSG_PLEASE_ENTER_PASSWORD","请输入密码"
"MSG_MANOR_LEVEL","级"
"MSG_MANOR_AURA0","极低"
"MSG_MANOR_AURA1","低"
"MSG_MANOR_AURA2","一般"
"MSG_MANOR_AURA3","高"
"MSG_MANOR_AURA4","极高"
"MSG_MANOR_TIGER1","白色"
"MSG_MANOR_TIGER2","绿色"
"MSG_MANOR_TIGER3","蓝色"
"MSG_MANOR_TIGER4","紫色"
"MSG_MANOR_TIGER5","金色"
"MSG_MANOR_OPEN","开"
"MSG_MANOR_CLOSE","关"
"MSG_MANOR_NONE","您现在还没有山庄"
"MSG_GENERATION_REQUEST_AS_YOUNGER","希望能成为你的晚辈"
"MSG_GENERATION_REQUEST_AS_ELDER","希望能成为你的前辈"
"MSG_GENERATION_REQUEST_ANS_REFUSED","拒绝与你建立辈份关系"
"MSG_GENERATION_REQUEST_AGR_AS_YOUNG","已成为你的晚辈"
"MSG_GENERATION_REQUEST_AGR_AS_ELDER","已成为你的前辈"
"MSG_GENERATION_REQUEST_ANS_EXSITED","与你已存在辈份关系，不可重复建立"
"MSG_GENERATION_REQUEST_ANS_LEVEL_LIMITED","的等级无法满足你请求的关系要求"
"MSG_GENERATION_REQUEST_ANS_TARGET_FULL","的辈份关系已满"
"MSG_GENERATION_REQUEST_ANS_SELF_FULL","你的辈份关系已满"
"MSG_GENERATION_TARGET_TOO_FAR","目标玩家太远"
"MSG_GENERATION_SELF_TIME_LIMITED","离上次断绝关系时间不足6小时，无法操作新的关系"
"MSG_GENERATION_TARGET_TIME_LIMITED","对方断绝关系时间不足6小时，无法完成关系"
"MSG_GENERATION_DISBAND_SUCCESS","你已经解除与%s的辈份关系"
"MSG_GENERATION_DISBAND_NOT_EXSITED","指定关系不存在"
"MSG_GENERATION_CHANGE_TYPE","恭喜你的等级到达50级，现在你已经不再是别人的晚辈了，作为前辈的你赶快去收纳属于你的晚辈吧！"
"MSG_GENERATION_TARGET_IN_BATTLE","对方正在战斗中，无法响应请求"
"MSG_GENERATION_DISBAND_PANEL_TEXT","你确定断绝与%s的辈份关系吗？"
"MSG_GENERATION_STAR_1","★"
"MSG_GENERATION_STAR_2","★★"
"MSG_GENERATION_STAR_3","★★★"
"MSG_GENERATION_STAR_4","★★★★"
"MSG_GENERATION_STAR_5","★★★★★"
"MSG_ITEMTYPE_BUSINESS_ITEM","跑商商品"
"MSG_ITEMTYPE_BUSINESS_MONEY","跑商银票"
"MSG_BUSINESSSHOP_TOTAL_MONEY","银票总资金：%d"
"MSG_BUSINESS_ALREADY_ENOUGH","已满足交票数额"
"MSG_PARTY_HAVE_BUSINESS_ITEM","接有跑商任务的玩家不得组队"
"MSG_BUSINESSSHOP_TOO_MORE_ITEM","身上存放的商品数量不得超过40个"
"MSG_SYS_BAG_MOVE_BUSINESS","此物品只能放在当前包裹"
"MSG_BUSINESSSHOP_BUY_FAIL","此物品数量不足或者你的余额不足"
"MSG_BUSINESS_LOG_SEARCH_FAIL","暂时无该成员的跑商记录。"
"MSG_REACTIVATE_ACCOUNT","帐户须要重新启动，请等等…"
"MSG_DONATE_FAIL_ONCE_ADAY","每个玩家每天只能捐献银两给帮派1次"
"MSG_MANOR1","一"
"MSG_MANOR2","二"
"MSG_MANOR3","三"
"MSG_MANOR4","四"
"MSG_MANOR5","五"
"MSG_MANOR_UPGRADE","在大家的努力下，本帮终于成功建立了%s级山庄！真是可喜可贺，各位赶快由京城的水灵光处进入我们的山庄一起狂欢庆祝一下吧！"
"MSG_MANOR_DOWNGRADE","本山庄日久失修，如今已残旧不成样子，无奈之下，被迫降级"
"MSG_MANOR_MAINTAIN_SUCCESS","山庄成功维护，增加帮派资材%d"
"MSG_MANOR_MAINTAIN_FAIL","山庄欠缴维护费用，惹怒了包租婆，估计本山庄一、三、五要停水停电，二、四、六要间接性停水停电了……"
"MSG_PARTNER_CULTVATION_UP_SUCCESS","恭喜，你的同伴%s修为+1"
"MSG_PARTNER_CULTVATION_UP_FAIL","提修失败，你的同伴%s修为回退至%d"
"MSG_PARTNER_CULTVATION_UP_FAIL_PARTNERNOTFOUND","同伴不存在"
"MSG_PARTNER_CULTVATION_UP_FAIL_SRC_RACE","此类型同伴无法提升修为"
"MSG_PARTNER_CULTVATION_UP_FAIL_SRC_LOCK","上锁同伴无法提升修为"
"MSG_PARTNER_CULTVATION_UP_FAIL_DEST_RACE","此类型同伴无法传功"
"MSG_PARTNER_CULTVATION_UP_FAIL_DEST_LOCK","请先将同伴解锁"
"MSG_PARTNER_CULTVATION_UP_FAIL_MAXCULTIVATION","同伴修为已满，无法继续提升"
"MSG_PARTNER_CULTVATION_UP_FAIL_PARCTICE","传功同伴能力不足，历练必须大于%d点"
"MSG_PARTNER_CULTVATION_UP_FAIL_MONEY","银两不足，无法提修"
"MSG_PARTNER_CULTVATION_UP_FAIL_REQLV","白色人型同伴携带等级不得小于提高修为的宝宝类型同伴的携带等级"
"MSG_PARTNER_CULTVATION_UP_FAIL_ITEMTYPE","身上没有合适的修为丹"
"MSG_PARTNER_CULTVATION_UP_FAIL_ITEMLOCK","请先将物品解锁"
"MSG_PARTNER_CULTVATION_UP_FAIL_ITEMLEVEL","此修为丹无法提高该同伴修为，请放入级别相应的修为丹"
"MSG_PARTNER_CULTVATION_UP_SUCCESS_LEVEL7","\#W%s\#O的同伴\#A%s\#O不断钻研武学，修为已提升至\#G7\#O，真是皇天不负有心人啊！"
"MSG_PARTNER_CULTVATION_UP_SUCCESS_LEVEL8","\#W%s\#O的同伴\#A%s\#O凭借其过人的天分，修为已提升至\#G8\#O，其前途简直无可限量！"
"MSG_PARTNER_CULTVATION_UP_SUCCESS_LEVEL9","\#W%s\#O的同伴\#A%s\#O打通任督二脉，修为已提升至\#G9\#O，还有谁能出其左右？"
"MSG_PARTNER_CULTVATION_UP_SUCCESS_LEVEL10","\#W%s\#O的同伴\#A%s\#O这百年一见的武学奇才，修为已提升至\#G10\#O，无敌最寂寞，高处不胜寒，从此天下将为其独尊了吗？"
"MSG_PARTY_CHANGE_MEMBER_POSITION_FAILED","交换位置失败"
"MSG_GUILD_DONATE_NOT_ENOUGH","银两不足，无法捐献"
"MSG_GUILD_DONATE_MONEY","为帮派捐款银两%d"
"MSG_GUILD_DELETE_MSG","%s帮派因连续30天群龙无首，帮主无故失踪，帮派从此解散。"
"MSG_GUILD_DONATE_MONEY_ENOUGH","帮派资金已经很充足无需捐款"
"MSG_GENERATION_OFFLINE_DESC","—"
"MSG_MARRIAGE_SUCCESS_RUMOR","恭喜\#W%s\#O与\#W%s\#O正式结为秦晋之好，成为本服务器第\#G%d\#O对新人。祝他们白头偕老，永浴爱河！"
"MSG_GUILD_SYS_MSG","系统"
"MSG_SIT_CANT_USE_PET","打坐时不能乘骑宠物"
"MSG_ACC_SHOP_BUY_SUCCESS","积分兑换成功"
"MSG_ACC_SHOP_BUY_ACC_ENOUGH","积分不足"
"MSG_ACC_SHOP_BUY_NO_ITEM","物品不存在"
"MSG_ACC_SHOP_BUY_NO_SLOT","背包已满"
"MSG_ACC_SHOP_PRICE","积分：%u"
"MSG_FRIEND_HUSBAND_ONLINE","你的丈夫%s当前在线，快去打个招呼吧"
"MSG_FRIEND_WIFE_ONLINE","你的妻子%s当前在线，快去打个招呼吧"
"MSG_FRIEND_HUSBAND_ONLINE_FIRST","你的丈夫%s刚刚登陆，快去打个招呼吧"
"MSG_FRIEND_WIFE_ONLINE_FIRST","你的妻子%s刚刚登陆，快去打个招呼吧"
"MSG_MARRIAGE_CREATE_FAILED_EXIST","预订婚宴失败,这个时间段的婚宴已经被预订"
"MSG_MARRIAGE_CREATE_SUCCESS","恭喜预订婚宴成功"
"MSG_GENERATION_GAIN_ACC","恭喜你获得了%u积分"
"MSG_MANOR_RUMOR_UPGRADE","%s帮派成功将他们的山庄扩建为%d级山庄！"
"MSG_MANOR_CREATE","%s帮派成功建立了属于他们自己的山庄！"
"MSG_YB_SELL_RUMOR","某玩家寄售了%d张元宝票，每张价格为%d银两"
"MSG_YB_BUY_RUMOR","某玩家以每张%d银两的价格购买了%d张元宝票。"
"MSG_TARGET_UPDATING","更新中…"
"MSG_APPLY_TRADER_POST_FULL","商人职位已满，请稍候申请"
"MSG_DONATE_MONEY_FAIL","身上银两不足，捐献失败"
"MSG_LINEUP_SYSTEM_OFF","由于特殊原因，阵法系统暂时关闭，不便之处敬请原谅"
"MSG_INTERFACE_CLOCK_TIME","当前时辰:%s"
"MSG_JPACK_NOT_HAWK","摆摊时无法整理"
"MSG_JPACK_NOT_GIVEN","给予时无法整理"
"MSG_JPACK_NOT_TARING","交易时无法整理"
"MSG_JPACK_NOT_PETORPARTNER","无法整理宠物或同伴"
"MSG_PETLINK","%c#<#V\C1\[PETS:%x:%x\]%c%c[%s:%s]#:"
"MSG_PARTNERLINK","%c#<\[PTNR:%x:%x\]%c%c[%s:%s]#:"
"MSG_CHARLINK","#W\[NAME:%s\][%s]\#"
"MSG_ITEMLINK","%c#<\[ITEM:%x:%x\]%c%c[%s:%s]#:"
"MSG_ITEMTYPE_FAST_FOOD","速食"
"MSG_WAREHOUSE_ITEM_STACK_ERROR","物品数量不足。"
"MSG_ITEMBAG_TIPS","当前剩余/总共剩余\r%d / %d\r#WALT+E 物品"
"MSG_SIBLING_SUCCESS_RUMOR","恭喜%s\#O义结金兰,愿他们永远同心同德，祸福同享，患难与共。"
"MSG_SYS_CHANNEL_NO_FRIEND","没有可以聊天的好友。"
"MSG_USED","%s使用了%s"
"MSG_BATTLE_FAILSHOW","你已身负重伤，损失经验值%d，损失银两%d"
"MSG_JPACK_MIXSHOP_ISOPEN","当前状态下无法整理背包。"
"MIXSHOP_GEMMELTING_FAIL_GEMLOCK","已锁定的宝石不能熔炼"
"MIXSHOP_GEMMELTING_FAIL_GEMTYPE","此宝石不能熔炼"
"MIXSHOP_GEMPOLISHING_FAIL_GEMLOCK","已锁定的宝石不能抛光"
"MIXSHOP_GEMPOLISHING_FAIL_GEMTYPE","此宝石不能抛光"
"MIXSHOP_GEMPOLISHING_FAIL_GEMFIRST","请先放入宝石"
"MIXSHOP_GEMPOLISHING_FAIL_CONSUMETYPE","请放入抛光石"
"MIXSHOP_GEMPOLISHING_FAIL_CONSUMELEVEL","放入的抛光石等级需大于等于宝石的等级"
"MIXSHOP_GEMMELTING_RESULTTIPS1","你将获得1颗绑定的宝石碎片"
"MIXSHOP_GEMMELTING_RESULTTIPS2","你将获得5颗绑定的宝石碎片"
"MIXSHOP_GEMPOLISHING_BOUNDTIPS","合成的材料中有绑定的物品，其产物也将是绑定的"
"MIXSHOP_GEMMELTING_SUCCESS","宝石熔炼成功"
"MIXSHOP_GEMPOLISHING_SUCCESS","宝石抛光成功"
"MSG_PARTY_JOIN_FAIL","你加入%s队伍的申请已失效，请重新申请"
"MSG_PARTY_INVITE_FAIL","你邀请%s的申请已失效，请重新邀请"
"MSG_PARTY_CANNOT_JOIN_TALK","对方对话中，不能入队"
"MSG_NOT_CAN_EAT_FOOD","只有永久坐骑与幼宠才能喂食"
"MSG_USE_PETSKILL","#W目标#Y%s#W当前生命\#Y%d\#W/当前生命上限\#Y%d\#W，当前内力\#Y%d\#W/当前内力上限\#Y%d\#W，当前酒意\#Y%d"
"MSG_PET_FAVORTYPE_1","饥饿"
"MSG_PET_FAVORTYPE_2","愤怒"
"MSG_PET_FAVORTYPE_3","不高兴"
"MSG_PET_FAVORTYPE_4","无聊"
"MSG_PET_FAVORTYPE_5","顽皮"
"MSG_PET_FAVORTYPE_6","撒娇"
"MSG_PET_FAVORTYPE_7","高兴"
"MSG_PET_TYPE_0","幼宠"
"MSG_PET_TYPE_1","坐骑"
"MSG_PET_NONE","-"
"MSG_PET_SPIRIT_1","拙朴"
"MSG_PET_SPIRIT_2","懒惰"
"MSG_PET_SPIRIT_3","憨厚"
"MSG_PET_SPIRIT_4","忠诚"
"MSG_PET_SPIRIT_5","勇武"
"MSG_PET_SPIRIT_6","机灵"
"MSG_PET_SPIRIT_7","胆怯"
"MSG_NOT_FOOD","请把喂食用的物品放入喂食框内"
"MSG_FOOD_ITEN_LOCK","不能喂食锁定的物品"
"MSG_PET_USE_FOOD_OK","宠物喂食成功"
"MSG_FOOD_TYPE_EQUI","装备"
"MSG_FOOD_TYPE_BUN","宠物馒头"
"MSG_EAT_PET_TYPE_ZERO","给幼宠%s喂食"
"MSG_EAT_PET_TYPE_ONE","给坐骑%s喂食"
"MSG_CANT_USE_PET_NO_FAVOR","宠物饱食度不足，无法使用"
"MSG_NOT_EATFOOD_PETLEVEL_MAX","等级已达10级，赶快用进化剂将其驯化为永久坐骑吧"
"MSG_PET_FAVOR_MAX","幼宠饱食度大于90，无法喂养"
"MSG_NOT_EATFOOD_PETVP_MAX","坐骑体力大于300，无法喂养"
"MSG_MIX_REMAIN_VP","剩余体力："
"MSG_GIVEN_FLOWER_NOT_MINE","这是朋友送给你的，不能转送"
"MSG_GIVEN_FLOWER_NOT_SEX_WOMAN","兵器模型只能赠给男侠"
"MSG_GIVEN_FLOWER_NOT_SEX_MAN","鲜花只能送给女侠"
"MSG_GIVEN_FLOWER_NOT_ENOUGH_FRIENDLY","双方好友度10以上才能赠送"
"MSG_GIVEN_FLOWER_FULL_FRIENDLY","你们已经是很好的朋友了，没有送礼的必要了"
"MSG_INSTANCE_OCCUPIED_FAIL_ENTRY","仍有队员逗留在任务副本里，因而不能进入。请确保没有任何队员在副本里，然后再被允许进入。"
"MSG_TRADING_ITEM_FLOWER","鲜花不能被交易,只能给予"
"MSG_TRADING_ITEM_WEAPON_MODEL","兵器模型不能被交易,只能给予"
"MSG_QUESTLOG_BOUNTY","[任务奖励]"
"MSG_POINTS_SHOP_PRICE","积分：%u"
"MSG_PARTNER_TIMEOVER","同伴已超过使用时间"
"MIXSHOP_IRONMAKE_FAIL_IRONFIRST","请先放入玄铁"
"MIXSHOP_IRONREPAIR_FAIL_IRONFIRST","请先放入玄器"
"MIXSHOP_MAXIRONLEVEL","玄铁已锻造完毕，无需继续锻造"
"MIXSHOP_IRONREPAIR_SUCCESS","恭喜你，玄器修理成功"
"MIXSHOP_IRONREPAIR_NONEED","此玄器不需要修理"
"MIXSHOP_SCROLL_LEVELERROR","神工残卷的等级必须和玄铁的等级相等"
"MIXSHOP_SCROLL_LOWLEVEL","神工残卷的等级不能低于玄器等级"
"MSG_CANT_USE_PET_NO_VP","宠物体力不足，无法使用"
"MSG_PET_USE_FOODTPYE_ERRO","喂食种类错误"
"MSG_HAWK_FLOWER_MODEL","这是朋友送给你的，不能变卖"
"MSG_RETURN_PARTY_NOTINTEMP","不在暂时离队状态中无法归队"
"MSG_RETURN_PARTY_DIFF_MAP","与队长不在同一地图无法归队"
"MSG_RETURN_PARTY_BUSSY","自己或队长正在忙，无法归队"
"MSG_RETURN_PARTY_INBATTLE","队伍正在战斗，无法归队"
"MSG_RETURN_PARTY_IN_BUSSINESS","存在商务状态无法归队"
"MSG_RETURN_PARTY_TOO_FAR","只有和队长在同一屏幕时，才可以归队"
"MSG_TEMP_LEAVE_NO_PARTY","不在队伍中，无法暂时离队"
"MSG_TEMP_LEAVE_LEADER","队长无法暂时离队"
"MSG_CHANGE_LINE_AS_LEADER","跳线后，暂离队队员将被自动请出队伍，确定要跳线吗？"
"MSG_CHANGE_LINE_AS_TEMP_LEAVE","跳线后，将会自动脱离队伍，确定要跳线吗？"
"MSG_PARTY_LEVEL_UNQUALIFIED","您的等级不符合对方入队条件"
"MSG_RANK_UNCHANGE","当前%s榜上排在第一位的仍是%s,各位侠士须得多多努力。"
"MSG_RANK_NOCHAR","当前%s榜没有人上榜,各位侠士须得多多努力。"
"MSG_CHANGEMOB_NOT_USE","变身大侠后不能使用宠物"
"MSG_BATTLE_CHANGEMOB_NOT_USEPARTNRT","大侠战中同伴不能参战"
"MSG_SKILL_ITEM_INVALID_ID","只能选取%s类下指定的道具"
"MSG_MARRIAGE_OLDNPC_SAY","恭喜%s与%s结为亲家,祝他们白头到老！"
"MSG_MARRIAGE_STREETFAIL_NOHUSBAND","新郎逃婚了,大家都来鄙视他！"
"MSG_MARRIAGE_STREETFAIL_NOWIFE","新娘害羞逃跑,新郎独守空房,悲剧啊！悲剧！"
"MSG_MARRIAGE_YOUNGNPC_SAY","发红包咯，发红包咯！"
"MSG_MARRIAGE_GRIL_SAY","呜哇，好漂亮的姐姐，我以后也要当新娘子。"
"MSG_MARRIAGE_BOY_SAY","呜呜呜，我也要骑马，呜呜呜呜。。"
"MSG_ITEMTYPE_TINKER","打造材料"
"MSG_SINGLE_WAR_SYS_MSG","系统信息"
"MSG_MARRIAGE_NAME","%s侠士与%s侠女"
"MSG_MARRIAGE_NOTIFY_START_STRRDKIDS","快与你的妻子进行婚前游城吧。在红娘处进行，限时20分钟哦。"
"MSG_GIVE_TOO_FAR_AWAY","与该目标不在同一屏幕内，无法进行给予操作"
"MSG_TRADE_TOO_FAR_AWAY","与该目标不在同一屏幕内，无法进行交易操作"
"MSG_TARGET_POPUP_MOVE_TO","移动至身边"
"MSG_MOVE_TO_NOT_SAME_MAP_LINE","该目标不在线或者与该目标不在同一条线，无法移动至玩家身边"
"MSG_MOVE_TO_NOT_SAME_MAP_ID","与该目标不在同一地图内，无法移动至玩家身边"
"MSG_PARTY_JOIN_NOT_SAME_MAP_LINE_OR_ID","与队伍不在同一地图或同一条线，无法组队。"
"MSG_PARTY_INVITE_NOT_SAME_MAP_LINE_OR_ID","与目标不在同一地图或同一条线，无法组队。"
"MSG_SINGLE_WAR_PREPARE_TIPS_1400","你被分配到了%s%s，请与14:00以前进入论剑场地，14:00%s论剑正式开始。到京城（61.398）找杨凡进入场地。"
"MSG_SINGLE_WAR_PREPARE_RUMOR_1400","今天将于14:00进行论剑大会%s。%s对阵形式为#P%s#OVS#P%s#O，#P%s#OVS#P%s#O。请各位报名论剑的选手做好准备开始入场，入场时间截止为14:00。"
"MSG_SINGLE_WAR_BATTLE_WIN_REWARD","战斗胜利，获得论剑积分%d"
"MSG_SINGLE_WAR_BATTLE_LOST_REWARD","积极参与论剑有功，获得经验值%d"
"MSG_SINGLE_WAR_WIN","在刚刚结束的论剑大会%s的一场比试中，#P%s#O英勇奋战，击败了#P%s#O，希望胜者再接再厉，败者重整旗鼓，准备好迎接下一轮的比赛。"
"MSG_SINGLE_WAR_QUIT","在刚刚结束的论剑大会%s的一场比试中，由于#P%s#O与#P%s#O放弃比赛，2支队伍均算失利，请2支队伍准备好迎接下一轮的比赛。"
"MSG_SINGLE_WAR_WIN_REWARD","论剑获胜，获得经验值%d，获得论剑积分献%d"
"MSG_SINGLE_WAR_GROUP4","天外飞仙组"
"MSG_SINGLE_WAR_GROUP3","扬名立万组"
"MSG_SINGLE_WAR_GROUP2","纵横江湖组"
"MSG_SINGLE_WAR_GROUP1","出类拔萃组"
"MSG_SINGLE_WAR_GROUP0","崭露头角组"
"MSG_SINGLE_WAR_TEAM1","寻欢队"
"MSG_SINGLE_WAR_TEAM2","小凤队"
"MSG_SINGLE_WAR_TEAM3","留香队"
"MSG_SINGLE_WAR_TEAM4","晓峰队"
"MSG_SINGLE_WAR_ROUND1","第一轮"
"MSG_SINGLE_WAR_ROUND2","第二轮"
"MSG_SINGLE_WAR_ROUND3","第三轮"
"MSG_SINGLE_WAR_ROUND4","决胜轮"
"MSG_SINGLE_WAR_NOT_ENOUGH_PLAYER_0","由于崭露头角组报名论剑人数不足40，故本次天下论剑大会取消崭露头角组的比赛。已报名的玩家请去京城（61.398）找杨凡领取报名补偿。"
"MSG_SINGLE_WAR_NOT_ENOUGH_PLAYER_1","由于出类拔萃组报名论剑人数不足40，故本次天下论剑大会取消出类拔萃组的比赛。已报名的玩家请去京城（61.398）找杨凡领取报名补偿。"
"MSG_SINGLE_WAR_NOT_ENOUGH_PLAYER_2","由于纵横江湖组报名论剑人数不足40，故本次天下论剑大会取消纵横江湖组的比赛。已报名的玩家请去京城（61.398）找杨凡领取报名补偿。"
"MSG_SINGLE_WAR_NOT_ENOUGH_PLAYER_3","由于扬名立万组报名论剑人数不足40，故本次天下论剑大会取消扬名立万组的比赛。已报名的玩家请去京城（61.398）找杨凡领取报名补偿。"
"MSG_SINGLE_WAR_NOT_ENOUGH_PLAYER_4","由于天元组报名论剑人数不足40，故本次天下论剑大会取消天元组的比赛。已报名的玩家请去京城（61.398）找杨凡领取报名补偿。"
"MSG_SINGLE_WAR_PREPARE_TIPS_1600","你被分配到了%s%s，请于16:00以前进入论剑场地，16:00%s论剑正式开始。到京城（61.398）找杨凡进入场地。"
"MSG_SINGLE_WAR_SYS_MSG","系统消息"
"MSG_SINGLE_WAR_PREPARE_RUMOR_1600","今天将于16:00进行论剑大会%s。%s对阵形式为 #P%s#OVS#P%s#O，#P%s#OVS#P%s#O。请各位报名论剑的选手做好准备开始入场，入场时间截止为16:00。"
"MSG_PK_REQUEST_RESULT_FAIL_SAME_SINGLE_WAR_GROUP","不能攻击与你同一代表队的人"
"MSG_PK_REQUEST_RESULT_FAIL_SINGLE_WAR_NOT_START","论剑大会尚未开始"
"MSG_PARTY_SINGLE_WAR_NOT_SAME_GROUP","只能与相同代表队成员组队"
"MSG_SINGLE_WAR_START","论剑比武大会正式开始"
"MSG_GIVEN_SINGLE_WAR_FAIL","战斗中无法给与"
"MSG_SINGLE_WAR_WIN2","在本届论剑大会冠军%s争夺赛中，#P%s#O战胜#P%s#O，勇夺冠军，代表队所有成员均将获得丰厚奖励。"
"MSG_SINGLE_WAR_WIN3","在本届论剑大会季军%s争夺赛中，#P%s#O战胜#P%s#O，获得季军。"
"MSG_SINGLE_WAR_QUIT2","在刚刚结束的论剑大会%s的一场比试中，由于#P%s#O与#P%s#O放弃比赛，冠亚军空缺。"
"MSG_SINGLE_WAR_QUIT3","在刚刚结束的论剑大会%s的一场比试中，由于#P%s#O与#P%s#O放弃比赛，季军空缺。"
"MSG_SINGLE_WAR_REWARD1","由于你的出色表现，获得%s状元称谓，请到京城（61.398）找杨凡领取奖励。"
"MSG_SINGLE_WAR_REWARD2","由于你的出色表现，获得%s榜眼称谓，请到京城（61.398）找杨凡领取奖励。"
"MSG_SINGLE_WAR_REWARD3","由于你的出色表现，获得%s探花称谓，请到京城（61.398）找杨凡领取奖励。"
"MSG_PK_REQUEST_RESULT_FAIL_MONITOR_NOT_SAME_SINGLE_WAR_GROUP","不能观战对方成员"
"MSG_SINGLE_WAR_PREPARE_RUMOR_FINAL","今天将于16:00进行论剑大会%s。%s对阵形式为: 冠亚军争夺——#P%s#OVS#P%s#O，季军争夺——#P%s#OVS#P%s#O。请各位报名论剑的选手做好准备开始入场，入场时间截止为16:00。"
"MSG_SINGLE_WAR_REWARD_RUMOR","本届天下论剑大会圆满结束，请获得各组三甲的大侠及时前往杨凡（京城164，20）处领奖。"
"MSG_TEMP_LEAVE_SHUTDOWN","由于紧急情况，暂时离队功能临时关闭，不便之处，敬请原谅"
